"","X.1","X","vuosi","toimiala","kokoluokka","y_min","y_25","y_median","y_75","y_max","y_mean","n"
"1",1,1,2013,"Tukku- ja vähittäiskauppa; moottoriajoneuvojen ja moottoripyörien korjaus","mikroyritys",0.0640945374199632,0.521920137240186,0.950999215491969,1.70981798857447,4.66790325579643,1.32561183788644,65885
"2",2,2,2014,"Tukku- ja vähittäiskauppa; moottoriajoneuvojen ja moottoripyörien korjaus","mikroyritys",0.0618494698229854,0.502157082223472,0.938997952547272,1.68194761443487,4.89683388157895,1.3340586098045,67395
"3",3,3,2015,"Tukku- ja vähittäiskauppa; moottoriajoneuvojen ja moottoripyörien korjaus","mikroyritys",0.0557962212370317,0.495886499104775,0.939424937558073,1.67516175172079,4.66328883919212,1.30095602646556,70859
"4",4,4,2016,"Tukku- ja vähittäiskauppa; moottoriajoneuvojen ja moottoripyörien korjaus","mikroyritys",0.0468239305466582,0.497775304488598,0.969396338446314,1.71469768336057,4.90060134418111,1.33948065048828,72847
"5",5,5,2017,"Tukku- ja vähittäiskauppa; moottoriajoneuvojen ja moottoripyörien korjaus","mikroyritys",0.0378848865313315,0.490436188070337,0.945780955058436,1.68351322684061,4.78033691115086,1.30776875168903,74687
"6",6,6,2018,"Tukku- ja vähittäiskauppa; moottoriajoneuvojen ja moottoripyörien korjaus","mikroyritys",0.0297549947772518,0.474985695449909,0.943275295923088,1.68574523925781,4.79638735574511,1.30153302976012,72814
"7",7,7,2019,"Tukku- ja vähittäiskauppa; moottoriajoneuvojen ja moottoripyörien korjaus","mikroyritys",0.0109632154523505,0.451379586783396,0.920785309331297,1.67415668750487,4.80205288231064,1.28283314026249,71258
"8",8,8,2020,"Tukku- ja vähittäiskauppa; moottoriajoneuvojen ja moottoripyörien korjaus","mikroyritys",0.0150356582316821,0.448399189899599,0.916146966991938,1.65413428551425,4.78015144676797,1.27509748390735,71324
"9",9,9,2021,"Tukku- ja vähittäiskauppa; moottoriajoneuvojen ja moottoripyörien korjaus","mikroyritys",0.073418809569071,0.561219972506349,1.04311496376297,1.78728977116074,4.99966763521519,1.42064061835259,58913
"10",19,19,2013,"Kiinteistöalan toiminta","mikroyritys",0,0.139128334466835,0.308596788440495,0.898798643501437,5.86384152457372,0.921805278500044,25920
"11",20,20,2014,"Kiinteistöalan toiminta","mikroyritys",0,0.166540877661052,0.326902270695993,0.757355212260819,6.03186915656486,0.936636984377729,26859
"12",21,21,2015,"Kiinteistöalan toiminta","mikroyritys",0,0.120904489147194,0.273658374356079,0.779059689532352,5.65141012487175,0.862634516450464,28264
"13",22,22,2016,"Kiinteistöalan toiminta","mikroyritys",0,0.113129191676591,0.280558717180398,0.802296864582649,5.18856929059761,0.833558666664592,32417
"14",23,23,2017,"Kiinteistöalan toiminta","mikroyritys",0,0.115228348862074,0.235578908900295,0.663116483649042,4.97267443959138,0.776946718539386,36060
"15",24,24,2018,"Kiinteistöalan toiminta","mikroyritys",0,0.120762711864407,0.221697698050104,0.512199695788969,4.72092754858355,0.700045334511071,43091
"16",25,25,2019,"Kiinteistöalan toiminta","mikroyritys",0.0181372357714973,0.127274591924696,0.225061088009603,0.506861967895442,4.75487053020962,0.707499841174849,43184
"17",26,26,2020,"Kiinteistöalan toiminta","mikroyritys",0.00255039306913455,0.118772358279529,0.216030324905901,0.484185715068793,4.01210424471983,0.619495417807813,43058
"18",27,27,2021,"Kiinteistöalan toiminta","mikroyritys",0.00445832394135766,0.144803366322446,0.359838433177559,1.3880420374929,5.80390284907983,1.10395262896689,14983
"19",28,28,2013,"Teollisuus","mikroyritys",0.0676803893144609,0.854601579105006,1.57323700891974,2.6222227571432,6.33202819107283,1.98966042579479,33056
"20",29,29,2014,"Teollisuus","mikroyritys",0.0770171381182235,0.838535739296043,1.5221893804186,2.54229774658293,6.35044877025294,1.94865021269842,33994
"21",30,30,2015,"Teollisuus","mikroyritys",0.0577901452816057,0.805758417135257,1.50405635769886,2.5471346451904,5.99593478539946,1.89657954822798,34844
"22",31,31,2016,"Teollisuus","mikroyritys",0.0558790892480206,0.794212218649518,1.47956696852313,2.49961523845715,6.06152636360534,1.87348866991988,36048
"23",32,32,2017,"Teollisuus","mikroyritys",0.0349723401046107,0.78932735426009,1.45530759482511,2.42054755856619,6.04755848688297,1.85571526152778,36748
"24",33,33,2018,"Teollisuus","mikroyritys",0.0391072307999546,0.776920409495753,1.48000593067278,2.47038193610377,5.94970242797704,1.87914529039396,36092
"25",34,34,2019,"Teollisuus","mikroyritys",0.0281463169152008,0.728235017107105,1.42531906044088,2.47491447368584,6.37916901673247,1.85347550953502,36528
"26",35,35,2020,"Teollisuus","mikroyritys",0.0312539142252838,0.71130943126341,1.35572328167567,2.38716072299257,5.91771514879779,1.77216469147004,36653
"27",36,36,2021,"Teollisuus","mikroyritys",0.0486872251543458,0.84130754274723,1.49585891224161,2.46268089460605,5.64907724052556,1.85461075367274,30773
"28",37,37,2013,"Ammatillinen, tieteellinen ja tekninen toiminta","mikroyritys",0.0551642225140431,0.841846340722745,1.74929002729604,3.09611047078147,9.38785002373042,2.42778599308273,48251
"29",38,38,2014,"Ammatillinen, tieteellinen ja tekninen toiminta","mikroyritys",0.0613041100076303,0.824954860781146,1.76008724616847,3.11231352718078,9.2916332920702,2.41381611544847,50264
"30",39,39,2015,"Ammatillinen, tieteellinen ja tekninen toiminta","mikroyritys",0.045678720976348,0.781561272056975,1.66020264969448,2.95471527917451,8.57489826157536,2.27213638317133,52789
"31",40,40,2016,"Ammatillinen, tieteellinen ja tekninen toiminta","mikroyritys",0.042161504106242,0.770141839062861,1.65024401917345,2.96808948951423,8.27190495876958,2.2477279722569,55255
"32",41,41,2017,"Ammatillinen, tieteellinen ja tekninen toiminta","mikroyritys",0.0304418371710237,0.756519659930801,1.65862460094584,2.93703798113689,8.51720766853766,2.26308236463685,59311
"33",42,42,2018,"Ammatillinen, tieteellinen ja tekninen toiminta","mikroyritys",0.0240557213541539,0.720353328096976,1.60614122820206,2.95902378091202,8.27782720015482,2.21566366493879,58146
"34",43,43,2019,"Ammatillinen, tieteellinen ja tekninen toiminta","mikroyritys",0.00925616243103279,0.67780580075662,1.54166321830276,2.84954424828649,7.87037172244596,2.14745871738613,58398
"35",44,44,2020,"Ammatillinen, tieteellinen ja tekninen toiminta","mikroyritys",0.0139906245880795,0.605533903875438,1.39172580924355,2.61818249230655,8.03937007874016,1.99964852170466,61002
"36",45,45,2021,"Ammatillinen, tieteellinen ja tekninen toiminta","mikroyritys",0.0547230449835353,0.803109292374386,1.57893324224087,2.85929353533763,7.77454558074636,2.16376775871581,50950
"37",46,46,2013,"Rakentaminen","mikroyritys",0.116789288267382,1.12785922917422,2.1311082805057,3.63942003466586,9.50156875473331,2.80027166079287,68253
"38",47,47,2014,"Rakentaminen","mikroyritys",0.126782892161963,1.10413643923845,2.08856447688564,3.6020608663864,9.63025528369063,2.79011264241572,70411
"39",48,48,2015,"Rakentaminen","mikroyritys",0.107896278757833,1.07037201704475,2.01491508737386,3.56597173822158,9.29149077982671,2.70392842787958,73378
"40",49,49,2016,"Rakentaminen","mikroyritys",0.110676820657656,1.06095710936423,2.01861349209196,3.51866249009322,9.08538608022606,2.67276893076144,77401
"41",50,50,2017,"Rakentaminen","mikroyritys",0.0784612536065053,1.02823728865179,1.96026391998116,3.41401320165216,9.04205622387441,2.61723570125863,80500
"42",51,51,2018,"Rakentaminen","mikroyritys",0.0704630571005696,1.01440268708627,1.97981095614297,3.42733159756993,9.30818584868255,2.65612289456692,79955
"43",52,52,2019,"Rakentaminen","mikroyritys",0.0457255320841604,0.988382562939129,1.9267719972067,3.34249419208146,8.64494124003782,2.55259755293677,79539
"44",53,53,2020,"Rakentaminen","mikroyritys",0.0543413971505824,0.950600068017734,1.87893514931327,3.30586607636967,8.7355333488264,2.5165555527489,81663
"45",54,54,2021,"Rakentaminen","mikroyritys",0.191542933067597,1.15027775070656,2.06889474371481,3.43869616680324,8.69277845777234,2.67187622685992,74049
"46",55,55,2013,"Vesihuolto, viemäri- ja jätevesihuolto, jätehuolto ja muu ympäristön puhtaanapito","mikroyritys",0.000888246640903095,0.0978057207687283,0.458375409813388,1.41810017923089,3.60420907641691,0.90315550958385,1963
"47",56,56,2014,"Vesihuolto, viemäri- ja jätevesihuolto, jätehuolto ja muu ympäristön puhtaanapito","mikroyritys",0.00511222700836068,0.0802956734753434,0.361480902876721,1.25473418294067,4.05784533170829,0.828751889381812,2170
"48",57,57,2015,"Vesihuolto, viemäri- ja jätevesihuolto, jätehuolto ja muu ympäristön puhtaanapito","mikroyritys",0.0114019717595803,0.070484731594902,0.272911138176627,1.14944855155797,3.48814923748799,0.76927599046757,2245
"49",58,58,2016,"Vesihuolto, viemäri- ja jätevesihuolto, jätehuolto ja muu ympäristön puhtaanapito","mikroyritys",0.0105978680011654,0.0739685236814755,0.279424232345762,1.22606946485108,4.23142447592006,0.83298384634023,2254
"50",59,59,2017,"Vesihuolto, viemäri- ja jätevesihuolto, jätehuolto ja muu ympäristön puhtaanapito","mikroyritys",0.0171267453874974,0.081218486065859,0.343531370793514,1.27761249116196,3.92575488266785,0.843215894201776,2334
"51",60,60,2018,"Vesihuolto, viemäri- ja jätevesihuolto, jätehuolto ja muu ympäristön puhtaanapito","mikroyritys",0.00130762515711424,0.0769993696190835,0.334833805118627,1.26896454476187,3.85401283695215,0.844806963795504,2306
"52",61,61,2019,"Vesihuolto, viemäri- ja jätevesihuolto, jätehuolto ja muu ympäristön puhtaanapito","mikroyritys",0,0.0789086535236105,0.295696639768956,1.24975707751096,4.22842985061195,0.845873867984138,2379
"53",62,62,2020,"Vesihuolto, viemäri- ja jätevesihuolto, jätehuolto ja muu ympäristön puhtaanapito","mikroyritys",0.0187683524130322,0.0909676155417328,0.314780339119166,1.2882193715429,4.05095558367184,0.872846654846167,2410
"54",63,63,2021,"Vesihuolto, viemäri- ja jätevesihuolto, jätehuolto ja muu ympäristön puhtaanapito","mikroyritys",0.0303881165469831,0.132177557964152,0.448414344623813,1.4520147169644,3.80681452641364,0.954092879366703,2015
"55",64,64,2013,"Majoitus- ja ravitsemistoiminta","mikroyritys",0.0414774364521874,1.15183841446905,2.92425163689429,5.54729784312142,13.6576995461087,3.91592217497579,17954
"56",65,65,2014,"Majoitus- ja ravitsemistoiminta","mikroyritys",0.0468987686083364,1.19151468378082,2.9761797344272,5.5072868954851,14.1780801560806,3.96283232257066,18944
"57",66,66,2015,"Majoitus- ja ravitsemistoiminta","mikroyritys",0.0416427360442808,1.24237779139815,3.06944946081214,5.63139977009461,13.8507388128028,4.03405902360857,20796
"58",67,67,2016,"Majoitus- ja ravitsemistoiminta","mikroyritys",0.0210138887728312,1.25113516435097,3.09028460493985,5.50935379751005,13.987602846342,4.03324334208535,22446
"59",68,68,2017,"Majoitus- ja ravitsemistoiminta","mikroyritys",0,1.21386626545792,2.92090021950123,5.35343511032531,13.7953501816391,3.91247477895316,24414
"60",69,69,2018,"Majoitus- ja ravitsemistoiminta","mikroyritys",0,1.07868308676624,2.8334593875494,5.35763219414851,13.8063320626853,3.86681976524825,24584
"61",70,70,2019,"Majoitus- ja ravitsemistoiminta","mikroyritys",0,1.02215080901417,2.76482063811307,5.26844493403625,14.6621082052306,3.87723853223534,24332
"62",71,71,2020,"Majoitus- ja ravitsemistoiminta","mikroyritys",0,0.891263623512244,2.35853965768761,4.59412310422717,12.8355491920638,3.36358133516298,24800
"63",72,72,2021,"Majoitus- ja ravitsemistoiminta","mikroyritys",0.125552635002505,1.39041695366433,2.72922940336649,4.88020682262438,13.0406660249508,3.69759593594719,21830
"64",73,73,2013,"Kuljetus ja varastointi","mikroyritys",0.243113612536157,1.24606111471407,1.93773689275571,3.02949820398389,7.27483246463142,2.40091046747962,35476
"65",74,74,2014,"Kuljetus ja varastointi","mikroyritys",0.222276859740408,1.20972489693703,1.93539559785842,2.94557764829809,6.94440218797385,2.34818000631602,36719
"66",75,75,2015,"Kuljetus ja varastointi","mikroyritys",0.226282297592383,1.15733963937334,1.83438798437689,2.83718615197434,6.54253527058328,2.24254945812316,38592
"67",76,76,2016,"Kuljetus ja varastointi","mikroyritys",0.220733905619904,1.1642981991556,1.8714552758223,2.87787913098654,6.39224466568101,2.25330742380566,39582
"68",77,77,2017,"Kuljetus ja varastointi","mikroyritys",0.154402059607978,1.10910495231739,1.81824048913043,2.84201307715121,6.75482959243502,2.22811848964947,40332
"69",78,78,2018,"Kuljetus ja varastointi","mikroyritys",0.135669322111064,1.0681042114582,1.79643543021166,2.83530981104971,6.80006040471157,2.22067543278774,38653
"70",79,79,2019,"Kuljetus ja varastointi","mikroyritys",0.0803621654924861,1.01530369582855,1.69435848149928,2.69906480670587,6.79513749038849,2.10964223565716,37514
"71",80,80,2020,"Kuljetus ja varastointi","mikroyritys",0.0847167075493424,0.913022097262163,1.53307188946396,2.44697112569109,5.90043103448276,1.90035092863729,36457
"72",81,81,2021,"Kuljetus ja varastointi","mikroyritys",0.229447834454772,1.08898798271171,1.69576561106452,2.57744907360016,6.12779002214349,2.07997657153288,32277
"73",91,91,2013,"Rahoitus- ja vakuutustoiminta","mikroyritys",0,0.0803917484986759,0.316673759783876,0.991571596394836,4.22772136730575,0.783623127258906,6168
"74",92,92,2014,"Rahoitus- ja vakuutustoiminta","mikroyritys",0,0.0824604084149292,0.351106895607619,1.00559806517524,4.11573333333333,0.836485166199996,5634
"75",93,93,2015,"Rahoitus- ja vakuutustoiminta","mikroyritys",0,0.0650655003748204,0.323066441343655,1.00772653240712,4.21066203262515,0.799914515642559,6181
"76",94,94,2016,"Rahoitus- ja vakuutustoiminta","mikroyritys",0,0.0539549772821148,0.300203423468122,1.00525932764894,3.93161688432588,0.762972876876597,6437
"77",95,95,2017,"Rahoitus- ja vakuutustoiminta","mikroyritys",0,0.0480705311190589,0.299421120737675,0.942724886002487,3.89920077681506,0.789414446062153,6628
"78",96,96,2018,"Rahoitus- ja vakuutustoiminta","mikroyritys",0,0.0471425999486706,0.281729905314811,0.845357826396968,4.04019905139569,0.728293487483679,6658
"79",97,97,2019,"Rahoitus- ja vakuutustoiminta","mikroyritys",0,0.0186272857557322,0.216199820285028,0.784258594150847,4.05472730561669,0.696049907063849,6345
"80",98,98,2020,"Rahoitus- ja vakuutustoiminta","mikroyritys",0,0.0504503811657037,0.237094481630236,0.841088173955073,3.89968156055356,0.693603730744501,7168
"81",99,99,2021,"Rahoitus- ja vakuutustoiminta","mikroyritys",0,0.0524086451412267,0.291623904595562,1.00972503789577,3.77576641968475,0.746980114360308,5363
"82",100,100,2013,"Terveys- ja sosiaalipalvelut","mikroyritys",0.162842539586553,0.990954418418695,2.30487532564198,4.55738166791886,12.524334251607,3.455986591688,20236
"83",101,101,2014,"Terveys- ja sosiaalipalvelut","mikroyritys",0.174182771296851,1.00761854782653,2.32262521681086,4.55781213939534,13.0169224837707,3.46372992280492,21750
"84",102,102,2015,"Terveys- ja sosiaalipalvelut","mikroyritys",0.0910432542557845,0.955642897248737,2.20775824495133,4.52568838623512,13.4903556359253,3.60297760020379,22319
"85",103,103,2016,"Terveys- ja sosiaalipalvelut","mikroyritys",0.0559549251991451,0.917209782538556,2.14809800554748,4.32229273074343,12.7172434191068,3.26994905145378,23267
"86",104,104,2017,"Terveys- ja sosiaalipalvelut","mikroyritys",0.0445180895725135,0.887506643635397,2.1335728357863,4.22736064708985,11.9063541554672,3.11700564951413,25169
"87",105,105,2018,"Terveys- ja sosiaalipalvelut","mikroyritys",0.0182957807410122,0.834571397451258,2.05722856172968,4.21757063312023,12.4071061643836,3.12266146124368,25343
"88",106,106,2019,"Terveys- ja sosiaalipalvelut","mikroyritys",0.016702274185478,0.813703490489561,1.94681413301663,4.07180046010413,11.8122369366595,3.05435110904415,25477
"89",107,107,2020,"Terveys- ja sosiaalipalvelut","mikroyritys",0.0378318587954722,0.716966657367764,1.66345963945298,3.56007277334196,10.8478288475936,2.67148209766289,26460
"90",108,108,2021,"Terveys- ja sosiaalipalvelut","mikroyritys",0.15614005380177,0.906405074106937,2.02041380354743,4.08512883163039,10.8480584671531,2.98955915980135,24993
"91",109,109,2013,"Kaivostoiminta ja louhinta","mikroyritys",0.00260553738299499,0.559098843178862,0.934289359300993,1.53547675731928,3.0410359905819,1.11995808419981,1528
"92",110,110,2014,"Kaivostoiminta ja louhinta","mikroyritys",0,0.554953148014667,0.98644181150774,1.6213057210485,3.43929721688644,1.18132238273049,1660
"93",111,111,2015,"Kaivostoiminta ja louhinta","mikroyritys",0.000362969018728523,0.513601571804617,0.943534748022702,1.52148489265836,3.30055216087769,1.09963682354381,1659
"94",112,112,2016,"Kaivostoiminta ja louhinta","mikroyritys",0.000274419098400175,0.45498782502304,0.831231898897113,1.36030431775555,2.99940278699403,1.02396559168357,1604
"95",113,113,2017,"Kaivostoiminta ja louhinta","mikroyritys",0.000807069108190201,0.456932499725279,0.850060657726483,1.40957872370141,2.77124726762585,1.03561105130292,1638
"96",114,114,2018,"Kaivostoiminta ja louhinta","mikroyritys",2.27276270716403e-05,0.491593075348906,0.846299069071024,1.38015256939564,3.15734573705436,1.04517068231405,1606
"97",115,115,2019,"Kaivostoiminta ja louhinta","mikroyritys",0,0.462268500360735,0.922041427918585,1.46199077184469,2.62529492175364,1.04555169370011,1615
"98",116,116,2020,"Kaivostoiminta ja louhinta","mikroyritys",0,0.460929345182765,0.954115026422427,1.47363697304829,3.44227074609863,1.1008776636894,1605
"99",117,117,2021,"Kaivostoiminta ja louhinta","mikroyritys",0,0.540395818213914,1.04760089451223,1.50116212505052,3.81477493000215,1.21938779275271,1258
"100",118,118,2013,"Informaatio ja viestintä","mikroyritys",0.0382857557687235,0.783871308388187,1.56183651640586,2.75824330713055,6.8295130382559,2.05759423839642,10963
"101",119,119,2014,"Informaatio ja viestintä","mikroyritys",0.0248145003506959,0.756295660495563,1.57182173687067,2.75909613175029,7.21911460488209,2.11589650770948,11668
"102",120,120,2015,"Informaatio ja viestintä","mikroyritys",0.00717404738227073,0.676532599423817,1.49574284132712,2.72569051882783,7.41836937115652,2.02098710835618,12541
"103",121,121,2016,"Informaatio ja viestintä","mikroyritys",0.0105058531318077,0.686499982261326,1.4873342739607,2.628618133649,7.48096192384769,1.98115701818048,13661
"104",122,122,2017,"Informaatio ja viestintä","mikroyritys",3.12932727286951e-06,0.651796480669292,1.47090254104108,2.64501377871967,7.43251391465677,1.99307539672456,14936
"105",123,123,2018,"Informaatio ja viestintä","mikroyritys",0.00914929109375636,0.645689837604085,1.44459295199984,2.65385055171231,7.53180124491159,2.03275076817713,14880
"106",124,124,2019,"Informaatio ja viestintä","mikroyritys",0.00373202323767594,0.613778434881851,1.3823989260921,2.54314577704687,6.69898296676038,1.88123357242503,14742
"107",125,125,2020,"Informaatio ja viestintä","mikroyritys",0.00427089431443076,0.590080433030759,1.30688599368888,2.35497746524362,6.76448215330603,1.78069206610295,16387
"108",126,126,2021,"Informaatio ja viestintä","mikroyritys",0.0245440694478331,0.679866915523817,1.38659987476518,2.4636619711627,6.38175211949939,1.87452980868609,13870
"109",127,127,2013,"Hallinto- ja tukipalvelutoiminta","mikroyritys",0.0676593030282683,0.937217697410054,2.02674951915964,3.80988547135271,10.2604840979454,2.84061174053439,18625
"110",128,128,2014,"Hallinto- ja tukipalvelutoiminta","mikroyritys",0.0644116846295392,0.951015138216926,1.98005802001883,3.67925444547597,10.2382978723404,2.78784197419862,20105
"111",129,129,2015,"Hallinto- ja tukipalvelutoiminta","mikroyritys",0.0612910045452944,0.92587151749303,2.01685505746705,3.78512534632974,9.98871218869093,2.78723055491939,20974
"112",130,130,2016,"Hallinto- ja tukipalvelutoiminta","mikroyritys",0.0422365848246184,0.880646981380478,1.91957134176656,3.49879039680244,9.47972040768834,2.65028766855243,22059
"113",131,131,2017,"Hallinto- ja tukipalvelutoiminta","mikroyritys",0.0354524495815641,0.868237245309691,1.88543538637478,3.45622644657759,9.69053737012624,2.60940035405722,23339
"114",132,132,2018,"Hallinto- ja tukipalvelutoiminta","mikroyritys",0.029692526765466,0.897898057094389,1.92563454487202,3.46429186704924,9.84964021587048,2.65979635889013,22992
"115",133,133,2019,"Hallinto- ja tukipalvelutoiminta","mikroyritys",0.015420572065199,0.85133418043202,1.88801316905273,3.51263607154846,9.34727491515135,2.61916179022432,23000
"116",134,134,2020,"Hallinto- ja tukipalvelutoiminta","mikroyritys",0.0111636468172858,0.709961406930272,1.6544420588406,3.15651550824035,9.45305176681237,2.40242803094666,23823
"117",135,135,2021,"Hallinto- ja tukipalvelutoiminta","mikroyritys",0.0442147353019084,0.991167900249226,1.95532078868936,3.50054743098459,9.20274873162947,2.69345142420587,20758
"118",136,136,2013,"Muu palvelutoiminta","mikroyritys",0.368388812526146,1.66447495648811,3.54759169244366,6.57002204261572,15.3063015114862,4.72669553300028,25576
"119",137,137,2014,"Muu palvelutoiminta","mikroyritys",0.355570183796144,1.63248161689781,3.47263695262988,6.25305062384035,14.3208382526564,4.51707105529026,24908
"120",138,138,2015,"Muu palvelutoiminta","mikroyritys",0.23303136516797,1.4433801011324,3.10676691729323,5.96604060116253,13.5659955257271,4.20375494027731,27131
"121",139,139,2016,"Muu palvelutoiminta","mikroyritys",0.269054716517147,1.59306696366421,3.4905783360986,6.29504814305364,14.4547928003349,4.48261937555729,28845
"122",140,140,2017,"Muu palvelutoiminta","mikroyritys",0.254749325421638,1.52851330203443,3.23974665437362,5.90083391243919,13.3577896849754,4.18785109077091,29018
"123",141,141,2018,"Muu palvelutoiminta","mikroyritys",0.315874135741499,1.59859332732191,3.41819497017822,6.29454170957775,14.1512937926127,4.4536500242808,28260
"124",142,142,2019,"Muu palvelutoiminta","mikroyritys",0.250600163496972,1.57219409725517,3.29341525620218,5.99600539322225,13.476373538363,4.26073971293228,27484
"125",143,143,2020,"Muu palvelutoiminta","mikroyritys",0.189039667869684,1.3636556036556,2.83018509729473,5.06365232660228,12.3788729465585,3.71631113266428,28676
"126",144,144,2021,"Muu palvelutoiminta","mikroyritys",0.390540886952064,1.66800371963279,3.20679657474209,5.64083843617522,13.4331723027375,4.17974534462977,31004
"127",154,154,2013,"Sähkö-, kaasu- ja lämpöhuolto, jäähdytysliiketoiminta","mikroyritys",2.21118056920662e-08,0.137551080736187,0.319927387007836,0.682493020166515,1.92267481143828,0.50884574084733,981
"128",155,155,2014,"Sähkö-, kaasu- ja lämpöhuolto, jäähdytysliiketoiminta","mikroyritys",1.0595461398792e-07,0.132651263322987,0.218158379925951,0.429389320122967,1.2669812665278,0.36258509263245,1193
"129",156,156,2015,"Sähkö-, kaasu- ja lämpöhuolto, jäähdytysliiketoiminta","mikroyritys",3.49401422423779e-06,0.170204265241407,0.344779372012307,0.629666394468127,1.79989215238234,0.493595226578308,1077
"130",157,157,2016,"Sähkö-, kaasu- ja lämpöhuolto, jäähdytysliiketoiminta","mikroyritys",0,0.156315311168826,0.399412066602501,0.748415056421823,2.3048468385547,0.540376831217382,1121
"131",158,158,2017,"Sähkö-, kaasu- ja lämpöhuolto, jäähdytysliiketoiminta","mikroyritys",0.000207381961971552,0.158261255508512,0.368848954796496,0.633952564842646,2.67568592850361,0.553646965175421,1152
"132",159,159,2018,"Sähkö-, kaasu- ja lämpöhuolto, jäähdytysliiketoiminta","mikroyritys",1.8437680361021e-05,0.174693434115784,0.409127620686727,0.728674618638027,2.11696598245636,0.562807679621777,1077
"133",160,160,2019,"Sähkö-, kaasu- ja lämpöhuolto, jäähdytysliiketoiminta","mikroyritys",1.39934537845782e-05,0.160295325741264,0.354496346172593,0.581868013296159,1.65908281021619,0.472442821255922,1095
"134",161,161,2020,"Sähkö-, kaasu- ja lämpöhuolto, jäähdytysliiketoiminta","mikroyritys",2.47284389920358e-05,0.0908893018017873,0.237835019434174,0.450754217250495,2.10580031271342,0.414300864395143,1336
"135",162,162,2021,"Sähkö-, kaasu- ja lämpöhuolto, jäähdytysliiketoiminta","mikroyritys",0,0.121637274679508,0.394103671246712,0.63128340301352,1.63065321567072,0.489307365775728,910
"136",172,172,2013,"Tukku- ja vähittäiskauppa; moottoriajoneuvojen ja moottoripyörien korjaus","pienyritys",0.214855253068423,0.657568734318215,1.06924059798972,1.69926930843617,4.71133368408971,1.4799171326026,12890
"137",173,173,2014,"Tukku- ja vähittäiskauppa; moottoriajoneuvojen ja moottoripyörien korjaus","pienyritys",0.15709997835225,0.661264813543364,1.06963201049674,1.730733870745,4.78502324674963,1.41231454740954,13435
"138",174,174,2015,"Tukku- ja vähittäiskauppa; moottoriajoneuvojen ja moottoripyörien korjaus","pienyritys",0.180280511687783,0.636677461844598,1.05364309892653,1.72236983517353,4.9083544253672,1.40189055400614,13468
"139",175,175,2016,"Tukku- ja vähittäiskauppa; moottoriajoneuvojen ja moottoripyörien korjaus","pienyritys",0.20035025797,0.644747774591895,1.0635210312076,1.68148876942679,4.57367560725848,1.37005726003928,14108
"140",176,176,2017,"Tukku- ja vähittäiskauppa; moottoriajoneuvojen ja moottoripyörien korjaus","pienyritys",0.226556307498605,0.654941697975703,1.07886364197826,1.65403795638858,4.32583881442525,1.39101444388071,14091
"141",177,177,2018,"Tukku- ja vähittäiskauppa; moottoriajoneuvojen ja moottoripyörien korjaus","pienyritys",0.181331366700869,0.657227368476631,1.101248732645,1.73160406841298,4.36664882724471,1.41846528981871,14118
"142",178,178,2019,"Tukku- ja vähittäiskauppa; moottoriajoneuvojen ja moottoripyörien korjaus","pienyritys",0.122612459721044,0.669879013643243,1.04231295789687,1.58726744993379,4.28520915074041,1.32878767918341,14558
"143",179,179,2020,"Tukku- ja vähittäiskauppa; moottoriajoneuvojen ja moottoripyörien korjaus","pienyritys",0.20708430601165,0.674942775245912,1.05353579570326,1.61772835204325,3.88828601517104,1.30640517082451,14360
"144",180,180,2021,"Tukku- ja vähittäiskauppa; moottoriajoneuvojen ja moottoripyörien korjaus","pienyritys",0.215898087451168,0.703509900124676,1.02150280280252,1.5785210760479,3.55403224929203,1.30517027972121,13166
"145",190,190,2013,"Kiinteistöalan toiminta","pienyritys",0,0.575882399634045,1.60950190394086,2.81879210619098,5.62557472756327,1.85732505482655,1363
"146",191,191,2014,"Kiinteistöalan toiminta","pienyritys",0.0312612864428148,0.472318380532567,1.52659501141289,2.89089515728553,6.1553457847715,2.30459736175048,1401
"147",192,192,2015,"Kiinteistöalan toiminta","pienyritys",0.0920859378668411,0.68966444287486,1.70793310323206,2.60880050095016,7.18458626582627,2.8519986890617,1332
"148",193,193,2016,"Kiinteistöalan toiminta","pienyritys",0.090576585687603,0.762838080100071,1.93277260541485,2.8364970633845,15.8329923273657,2.95774774120638,1387
"149",194,194,2017,"Kiinteistöalan toiminta","pienyritys",0.10202151058462,0.744505989433517,1.90972468512352,2.73232412743618,5.73050374032812,2.58967003367771,1370
"150",195,195,2018,"Kiinteistöalan toiminta","pienyritys",0.0774106995800432,0.502438889203327,1.93592114641767,2.86460255285684,6.430520269987,2.64461175215643,1364
"151",196,196,2019,"Kiinteistöalan toiminta","pienyritys",0.0660096651109294,0.717678061462387,1.94785400272925,2.94947804912239,5.38049986392089,2.12370623436114,1365
"152",197,197,2020,"Kiinteistöalan toiminta","pienyritys",0.0611238532110092,0.47375284064439,1.77269577010343,2.66739407806248,7.24735743372239,2.01662779749056,1355
"153",198,198,2021,"Kiinteistöalan toiminta","pienyritys",0.0498446742040095,0.38796897384476,1.61211230469366,2.75082213800121,5.58511155904636,1.99594454244113,1202
"154",199,199,2013,"Teollisuus","pienyritys",0.104087938419315,1.16604806773868,1.69975135798106,2.3887892895503,4.848256282747,1.89680658002305,8734
"155",200,200,2014,"Teollisuus","pienyritys",0.109315508012505,1.14783304386242,1.67889878828218,2.36719693202147,4.71966984016071,1.8864540462211,8854
"156",201,201,2015,"Teollisuus","pienyritys",0.169257585721953,1.10748948545752,1.6414656658355,2.36783055633313,4.45599470549062,1.87071355799302,8975
"157",202,202,2016,"Teollisuus","pienyritys",0.131244615631923,1.10864921231183,1.67741453848999,2.3839421684062,4.46240485518404,1.85750187562686,9166
"158",203,203,2017,"Teollisuus","pienyritys",0.13920839678181,1.13580404958671,1.69850106651529,2.36847596080191,4.49598796649291,1.86791086395282,9432
"159",204,204,2018,"Teollisuus","pienyritys",0.130207674719401,1.15040695937873,1.6764473405483,2.37250318153456,4.68339406236144,1.99590626024947,9317
"160",205,205,2019,"Teollisuus","pienyritys",0.122612459721044,1.11021134387192,1.66440583965327,2.34550707449847,4.41406076597733,1.91646053635621,9011
"161",206,206,2020,"Teollisuus","pienyritys",0.171414740327577,1.09136950977843,1.57156627445449,2.19479489395502,4.04614282091322,1.74280752245381,9101
"162",207,207,2021,"Teollisuus","pienyritys",0.172462764149645,1.07037073116586,1.57318871238637,2.2048330277737,4.31662315667106,1.74562519945418,8821
"163",208,208,2013,"Ammatillinen, tieteellinen ja tekninen toiminta","pienyritys",0.0567750846812199,1.39244637658455,2.06671172917951,2.96745362108866,4.82515959015536,2.38644441605771,4970
"164",209,209,2014,"Ammatillinen, tieteellinen ja tekninen toiminta","pienyritys",0.0566134847040008,1.40567655541968,2.02217818175644,3.01715696138007,4.80623111336969,2.30611552189393,5130
"165",210,210,2015,"Ammatillinen, tieteellinen ja tekninen toiminta","pienyritys",0.0644252665039473,1.36249683452676,2.05200156667786,2.94330756488128,5.65242369195801,2.29972406504897,5549
"166",211,211,2016,"Ammatillinen, tieteellinen ja tekninen toiminta","pienyritys",0.0788638366716254,1.38968274716858,2.11220629694745,2.94207210095446,6.41822525497531,2.30090483719908,6071
"167",212,212,2017,"Ammatillinen, tieteellinen ja tekninen toiminta","pienyritys",0.0817707636826,1.31733380588932,2.10034091791834,2.88422112547965,6.27937066140561,2.30787754989439,6172
"168",213,213,2018,"Ammatillinen, tieteellinen ja tekninen toiminta","pienyritys",0.0710271964672184,1.24887736408982,2.05031275679511,2.91370835608957,5.00006132426789,2.24436860090781,5791
"169",214,214,2019,"Ammatillinen, tieteellinen ja tekninen toiminta","pienyritys",0.172393809450857,1.36562681426757,2.100086925327,2.96367653951486,6.00008699868789,2.36080266425339,5529
"170",215,215,2020,"Ammatillinen, tieteellinen ja tekninen toiminta","pienyritys",0.186118465353403,1.33410469529103,1.95723649645087,2.71752414669701,5.82830392650821,2.22593668605231,5411
"171",216,216,2021,"Ammatillinen, tieteellinen ja tekninen toiminta","pienyritys",0.176532214415687,1.26035009100969,1.98541970276188,2.74362233390102,5.29981839921659,2.31665215895239,5016
"172",217,217,2013,"Rakentaminen","pienyritys",0.525926192272773,1.507187004935,2.36398944905487,3.46395757557877,7.36517998473889,2.83786473998391,7334
"173",218,218,2014,"Rakentaminen","pienyritys",0.527838908062124,1.5565867647452,2.32897935008935,3.3596976934515,8.32944893482531,2.85757864407672,7475
"174",219,219,2015,"Rakentaminen","pienyritys",0.558913406754321,1.49291783348785,2.31483532653771,3.42098525752686,7.5983630143556,2.74884584708921,7751
"175",220,220,2016,"Rakentaminen","pienyritys",0.485027072315769,1.52234297602216,2.34655673153275,3.51945481520127,7.84384812713551,2.77818207309597,8463
"176",221,221,2017,"Rakentaminen","pienyritys",0.285618005960684,1.49049959317917,2.38220350198807,3.48524964485851,7.73220261405408,3.00394300210197,8905
"177",222,222,2018,"Rakentaminen","pienyritys",0.268056936217602,1.52563266492583,2.34372119280234,3.47178668061342,7.58565288626059,2.84339409961,9378
"178",223,223,2019,"Rakentaminen","pienyritys",0.502537450616786,1.59288531275304,2.41600038776782,3.5639976611311,7.98176273528926,2.85981427426375,9412
"179",224,224,2020,"Rakentaminen","pienyritys",0.488591098257942,1.50345544067631,2.38622832105153,3.44691894028722,6.94843113376332,2.69978922761262,9556
"180",225,225,2021,"Rakentaminen","pienyritys",0.638188334071502,1.53405473767083,2.31140764618572,3.37892851839045,7.09758810339909,2.79655707698657,8668
"181",226,226,2013,"Vesihuolto, viemäri- ja jätevesihuolto, jätehuolto ja muu ympäristön puhtaanapito","pienyritys",0.16333914741421,1.05255983911014,1.63255772746676,2.25234487373757,6.0084896965877,1.81006554170628,515
"182",227,227,2014,"Vesihuolto, viemäri- ja jätevesihuolto, jätehuolto ja muu ympäristön puhtaanapito","pienyritys",0.0643629709805451,0.86917180729569,1.56913604085149,2.30410673306235,3.6731877694845,1.69539256684573,618
"183",228,228,2015,"Vesihuolto, viemäri- ja jätevesihuolto, jätehuolto ja muu ympäristön puhtaanapito","pienyritys",0.15584582230757,0.792837041499964,1.41228436978151,2.29977471905754,4.74459284010507,1.74873805638519,621
"184",229,229,2016,"Vesihuolto, viemäri- ja jätevesihuolto, jätehuolto ja muu ympäristön puhtaanapito","pienyritys",0.174962703131449,0.943812484841411,1.50447314974261,2.50159819722944,4.75370868716477,1.70161954601005,679
"185",230,230,2017,"Vesihuolto, viemäri- ja jätevesihuolto, jätehuolto ja muu ympäristön puhtaanapito","pienyritys",0.133172360163385,0.981471095236067,1.41364590860848,2.06253386753368,4.18430542993334,1.67758091421971,649
"186",231,231,2018,"Vesihuolto, viemäri- ja jätevesihuolto, jätehuolto ja muu ympäristön puhtaanapito","pienyritys",0.14613342166751,0.852605995053132,1.2729124632688,1.92738490065984,4.00322518827721,1.47149497162065,635
"187",232,232,2019,"Vesihuolto, viemäri- ja jätevesihuolto, jätehuolto ja muu ympäristön puhtaanapito","pienyritys",0.139935090073165,0.828110896989272,1.27728376164394,2.17093890917276,5.42197534048388,1.75435315100553,612
"188",233,233,2020,"Vesihuolto, viemäri- ja jätevesihuolto, jätehuolto ja muu ympäristön puhtaanapito","pienyritys",0.131446434420436,0.722595319434755,1.26467024260871,2.47722338685096,4.16432577824355,1.71454016219524,620
"189",234,234,2021,"Vesihuolto, viemäri- ja jätevesihuolto, jätehuolto ja muu ympäristön puhtaanapito","pienyritys",0.054158089678615,0.68364981161182,1.17738536379762,2.27007098143322,4.23337013009265,1.61053787178772,577
"190",235,235,2013,"Majoitus- ja ravitsemistoiminta","pienyritys",0.392224973200585,1.93254648222123,3.05737175188089,4.49713072097668,10.7244427668958,3.62538788696829,2930
"191",236,236,2014,"Majoitus- ja ravitsemistoiminta","pienyritys",0.323025769339114,1.70130975668764,3.05567843422945,4.47157231582027,10.2471890023442,3.53545212050812,3051
"192",237,237,2015,"Majoitus- ja ravitsemistoiminta","pienyritys",0.213019386702088,1.72930160265511,2.98458152124732,4.45458022564311,9.59517745042048,3.37848414998529,3280
"193",238,238,2016,"Majoitus- ja ravitsemistoiminta","pienyritys",0.256131963321111,1.86694247652546,3.22039409576215,4.65189426621696,9.18334896165815,3.53325652746832,3408
"194",239,239,2017,"Majoitus- ja ravitsemistoiminta","pienyritys",0.430206973164872,1.81632044123963,3.08402424293853,4.66249308725973,9.01756075991346,3.52340991069958,3277
"195",240,240,2018,"Majoitus- ja ravitsemistoiminta","pienyritys",0.267060732657762,1.86727733147146,3.18792805295004,4.7876902487751,9.33231700194066,3.61399814213468,3297
"196",241,241,2019,"Majoitus- ja ravitsemistoiminta","pienyritys",0.22032327454642,1.72027066237545,2.99634478159624,4.59066191975505,9.23281993969662,3.72503984436083,3568
"197",242,242,2020,"Majoitus- ja ravitsemistoiminta","pienyritys",0.300437128402357,1.49276330297353,2.43108945869377,3.7568891630205,8.87296503117715,2.93387524265525,3311
"198",243,243,2021,"Majoitus- ja ravitsemistoiminta","pienyritys",0.267644175021452,1.42695522105948,2.33558878889299,3.49370320457273,7.45130562691465,2.75948567627588,2650
"199",244,244,2013,"Kuljetus ja varastointi","pienyritys",0.466974500665736,1.59764282667826,2.22872865846015,3.1727822162688,5.79255698906597,2.6728532238621,3925
"200",245,245,2014,"Kuljetus ja varastointi","pienyritys",0.360225212170788,1.54924244683707,2.15782261908711,3.08095988389145,7.41104312891092,2.73015114057191,3974
"201",246,246,2015,"Kuljetus ja varastointi","pienyritys",0.350519703703328,1.51938792136882,2.11180042959953,2.99669794675977,7.00068580701352,2.54970401450679,4059
"202",247,247,2016,"Kuljetus ja varastointi","pienyritys",0.300275688020994,1.43627026653552,2.08889065281731,2.94534573473752,6.41970385532105,2.37278741723953,4148
"203",248,248,2017,"Kuljetus ja varastointi","pienyritys",0.26686667226781,1.37854086229759,2.09214658937683,2.89431048716865,6.14130800587074,2.32984609071269,4213
"204",249,249,2018,"Kuljetus ja varastointi","pienyritys",0.251590605249296,1.41193720552021,2.07499570940447,3.01414843277216,7.69751574986883,2.41579783766826,4475
"205",250,250,2019,"Kuljetus ja varastointi","pienyritys",0.266628921497257,1.48162305540523,2.1465982114771,3.1373786482453,6.61544027773062,2.50486877187876,4562
"206",251,251,2020,"Kuljetus ja varastointi","pienyritys",0.242047097671931,1.42868122293352,2.02063545400239,2.91952119980554,6.02073722448052,2.36076677260936,4589
"207",252,252,2021,"Kuljetus ja varastointi","pienyritys",0.216929040772623,1.43984515353256,2.09257224329359,3.04378423243888,6.20136705518595,2.43729101006295,4256
"208",262,262,2013,"Rahoitus- ja vakuutustoiminta","pienyritys",0,0,0,0.779933511381947,10.3522776929523,0.960066073159788,1144
"209",263,263,2014,"Rahoitus- ja vakuutustoiminta","pienyritys",0,0,0,1.05310921141677,3.40817298732873,0.734964307749412,1033
"210",264,264,2015,"Rahoitus- ja vakuutustoiminta","pienyritys",0,0,0,0.695851578716098,3.78045518033053,0.613217573182123,1023
"211",265,265,2016,"Rahoitus- ja vakuutustoiminta","pienyritys",0,0,0,0.811118628504887,3.6625055796624,0.558713950284944,1025
"212",266,266,2017,"Rahoitus- ja vakuutustoiminta","pienyritys",0,0,0,0.618525385690856,2.17490030601808,0.459755883792016,974
"213",267,267,2018,"Rahoitus- ja vakuutustoiminta","pienyritys",0,0,0,0.284381932770348,1.88241651604221,0.297551333102926,1001
"214",268,268,2019,"Rahoitus- ja vakuutustoiminta","pienyritys",0,0,0,0.230317714508354,2.53660568747676,0.507260528140113,1016
"215",269,269,2020,"Rahoitus- ja vakuutustoiminta","pienyritys",0,0,0,0.334631654028272,3.18008383851159,0.403711644399403,943
"216",270,270,2021,"Rahoitus- ja vakuutustoiminta","pienyritys",0,0,0,0.365563431466782,3.31415037167477,0.418139791379366,897
"217",271,271,2013,"Terveys- ja sosiaalipalvelut","pienyritys",0.279422860676436,1.45900794296757,2.41207656923197,3.8602065926869,8.66920214214396,3.60426021231322,4186
"218",272,272,2014,"Terveys- ja sosiaalipalvelut","pienyritys",0.206828070762176,1.60365250786041,2.93155207679052,4.0972538973289,7.54282649364696,3.47837597689166,4186
"219",273,273,2015,"Terveys- ja sosiaalipalvelut","pienyritys",0.564292566470082,1.79920283756302,2.84026359451973,4.13567002257051,8.04557004360587,4.4568828195673,4176
"220",274,274,2016,"Terveys- ja sosiaalipalvelut","pienyritys",0.545765671289118,1.49976203794615,2.67443948906315,4.12675677121409,7.18993492723241,3.60164459585882,4365
"221",275,275,2017,"Terveys- ja sosiaalipalvelut","pienyritys",0.383622913315382,1.68169129112625,2.66058173614398,4.00241280712099,7.89324068531099,3.03976407270991,4072
"222",276,276,2018,"Terveys- ja sosiaalipalvelut","pienyritys",0.356696991148282,1.56768002954741,2.3936162897465,3.5304891477231,7.85620304880728,3.13876885389548,3742
"223",277,277,2019,"Terveys- ja sosiaalipalvelut","pienyritys",0.280455221901361,1.62336807572006,2.67043848711554,3.87600894284846,7.40780230182851,3.13033257893247,3658
"224",278,278,2020,"Terveys- ja sosiaalipalvelut","pienyritys",0.423527599369659,1.77190032249345,2.55234920583799,3.82421563917098,8.65260022030108,3.14101799866415,3659
"225",279,279,2021,"Terveys- ja sosiaalipalvelut","pienyritys",0.163167717721816,1.85454921820379,2.65903662354986,3.9096294099173,9.07137309561949,3.80631745046893,3448
"226",280,280,2013,"Kaivostoiminta ja louhinta","pienyritys",0.068143173273447,1.15249733661408,1.49218636579336,1.78875706082139,4.65706371295039,1.65829487795993,218
"227",281,281,2014,"Kaivostoiminta ja louhinta","pienyritys",0.509561399776469,1.0343337006196,1.41286022298074,1.84471349558786,3.23710182383873,1.49402633201959,248
"228",282,282,2015,"Kaivostoiminta ja louhinta","pienyritys",0.018269839620273,1.05699555110749,1.38353797623625,2.10633566360989,4.15451413282079,1.58214235701344,242
"229",283,283,2016,"Kaivostoiminta ja louhinta","pienyritys",0.501413791190166,1.13731638495194,1.45326706990823,1.82778714721268,3.07005133165868,1.73743148704561,233
"230",284,284,2017,"Kaivostoiminta ja louhinta","pienyritys",0.375361218478009,1.05010042130651,1.31243094920027,1.67594735365288,3.22055791824205,1.41471181208972,248
"231",285,285,2018,"Kaivostoiminta ja louhinta","pienyritys",0.000987892912849622,1.03343834497848,1.45393983370304,1.93564734243646,3.41556519930278,1.54017924301707,288
"232",286,286,2019,"Kaivostoiminta ja louhinta","pienyritys",0.000925916465732151,1.00065431727782,1.34557733406777,1.81133923015446,3.13710834605903,1.47880842271095,280
"233",287,287,2020,"Kaivostoiminta ja louhinta","pienyritys",0.00441304735958222,1.05757202913151,1.43119459420218,1.93615779868066,3.392634408116,1.51757759694333,243
"234",288,288,2021,"Kaivostoiminta ja louhinta","pienyritys",0,1.03458129207121,1.37051654595134,1.73004602195934,2.32455543018421,1.33942640643766,209
"235",289,289,2013,"Informaatio ja viestintä","pienyritys",0.152608287952823,1.19291249897116,1.9044522987561,2.68634472145395,5.37908887375625,2.07697492181104,2768
"236",290,290,2014,"Informaatio ja viestintä","pienyritys",0.0568672191560745,1.11575739869952,1.84363671314126,2.57174463742618,4.37410978678494,1.95109513168611,2801
"237",291,291,2015,"Informaatio ja viestintä","pienyritys",0.083164717151792,1.19016664712244,1.83945781271271,2.57976947849932,5.12140923104186,2.0080596855894,2897
"238",292,292,2016,"Informaatio ja viestintä","pienyritys",0.0337416008629186,0.983381790353003,1.86413912237621,2.50635752397074,4.43631298098132,1.87962882418928,3194
"239",293,293,2017,"Informaatio ja viestintä","pienyritys",0.0304863687799809,0.999820083717948,1.82749814037678,2.63700292447545,5.38881004253026,1.97313982560641,3381
"240",294,294,2018,"Informaatio ja viestintä","pienyritys",0.0264987680719003,1.03056787916473,1.82109695523714,2.74200823926199,5.20294133892336,2.04947701931622,3227
"241",295,295,2019,"Informaatio ja viestintä","pienyritys",0.0480078941909008,1.05906731897592,1.76521309379834,2.61298939777497,5.27126298286623,1.97881030053844,3117
"242",296,296,2020,"Informaatio ja viestintä","pienyritys",0.0725959716496397,1.05606958509843,1.63783401606956,2.44119183584693,4.93985508298605,1.85062576074568,3124
"243",297,297,2021,"Informaatio ja viestintä","pienyritys",0.0769525825299588,0.963367236688886,1.73711912643709,2.68245910064457,5.69331360247458,2.1666933380957,3273
"244",298,298,2013,"Hallinto- ja tukipalvelutoiminta","pienyritys",0.240950166088476,1.70858759165439,3.00501594611282,4.29453149010885,9.73344637710684,4.00240308854092,3293
"245",299,299,2014,"Hallinto- ja tukipalvelutoiminta","pienyritys",0.344453849008148,1.63988106884968,2.79424491456864,4.18258363104904,11.3242799680978,4.17008673752801,3624
"246",300,300,2015,"Hallinto- ja tukipalvelutoiminta","pienyritys",0.262003754798207,1.62346609910151,2.63524051861548,4.12519527810118,7.83678158582336,3.10722081639274,3716
"247",301,301,2016,"Hallinto- ja tukipalvelutoiminta","pienyritys",0.162286416355846,1.54789257629494,2.61972405029909,3.95837991877233,8.00367653920087,3.06001053418636,3916
"248",302,302,2017,"Hallinto- ja tukipalvelutoiminta","pienyritys",0.128393236187984,1.64761808459963,2.72633180775394,3.8689251094743,7.70179465819747,2.9828410945474,3787
"249",303,303,2018,"Hallinto- ja tukipalvelutoiminta","pienyritys",0.100297870838044,1.63830303993782,2.74312065047578,3.92298061038171,8.04800326686944,3.031473382817,3949
"250",304,304,2019,"Hallinto- ja tukipalvelutoiminta","pienyritys",0.158369893991898,1.59638812619408,2.72341250584912,3.99245611704091,9.07817769233194,3.22397203473332,3962
"251",305,305,2020,"Hallinto- ja tukipalvelutoiminta","pienyritys",0.140119266992389,1.57422873521244,2.58960119981702,3.9089560298412,8.52447435331374,3.02783517010986,4095
"252",306,306,2021,"Hallinto- ja tukipalvelutoiminta","pienyritys",0.205382582017665,1.64307675124951,2.58848229005345,3.85067668226358,10.4956745874643,3.13020404427462,4053
"253",307,307,2013,"Muu palvelutoiminta","pienyritys",0,1.52142861778277,2.83964078468134,4.03487228777233,8.52629049096112,5.31468282171833,574
"254",308,308,2014,"Muu palvelutoiminta","pienyritys",0,1.27688512587759,2.28930466270182,3.7980593751264,6.72271774192311,2.650940500207,626
"255",309,309,2015,"Muu palvelutoiminta","pienyritys",0,1.05086674397375,2.07198129603575,3.69141404205721,5.32419613126255,2.34403065870392,865
"256",310,310,2016,"Muu palvelutoiminta","pienyritys",0.137647721337257,1.37178866631916,2.22954615364439,4.11754497189589,6.68306991771608,2.7987689965988,914
"257",311,311,2017,"Muu palvelutoiminta","pienyritys",0,1.88131838229919,2.84913626014996,3.98092970141095,9.25629574967334,3.07796692506666,685
"258",312,312,2018,"Muu palvelutoiminta","pienyritys",0,1.92370023016343,2.75709352260116,4.09471801172324,9.03048934069367,3.32430966234577,620
"259",313,313,2019,"Muu palvelutoiminta","pienyritys",0.871348629613201,2.40525751139222,3.1394853729717,4.15035827921267,8.03835944541156,3.59467896866852,604
"260",314,314,2020,"Muu palvelutoiminta","pienyritys",0.655319096498392,1.54729090618422,2.69034491958912,4.00320082549606,5.85236405340113,2.82962840745301,530
"261",315,315,2021,"Muu palvelutoiminta","pienyritys",0.203995984554082,1.29671777396601,2.61806625500332,3.76393333515677,12.0468929237686,2.95006342795743,521
"262",325,325,2013,"Sähkö-, kaasu- ja lämpöhuolto, jäähdytysliiketoiminta","pienyritys",0.0228464402399937,0.222571531961448,0.33544176610202,1.01184249286242,3.10031242026286,0.70156081374282,421
"263",326,326,2014,"Sähkö-, kaasu- ja lämpöhuolto, jäähdytysliiketoiminta","pienyritys",0.0231344116358489,0.188434791802333,0.341876723251883,0.588876960442177,2.38146042134047,0.526778065699773,401
"264",327,327,2015,"Sähkö-, kaasu- ja lämpöhuolto, jäähdytysliiketoiminta","pienyritys",0.0309765057507464,0.213903241774105,0.319753081983778,0.734953018809839,2.53802787750046,0.632417976398261,452
"265",328,328,2016,"Sähkö-, kaasu- ja lämpöhuolto, jäähdytysliiketoiminta","pienyritys",0.049896983495831,0.14878569914358,0.294244080691796,0.628362879206376,2.6217204179641,0.582974509757674,525
"266",329,329,2017,"Sähkö-, kaasu- ja lämpöhuolto, jäähdytysliiketoiminta","pienyritys",0.0645388436105626,0.190238051601055,0.336235740216729,0.604747094109393,2.53378065025014,0.606108808527945,480
"267",330,330,2018,"Sähkö-, kaasu- ja lämpöhuolto, jäähdytysliiketoiminta","pienyritys",0.0148681134915615,0.165430901427612,0.337702360466559,0.646303365994109,1.93289637129333,0.545652503099761,601
"268",331,331,2019,"Sähkö-, kaasu- ja lämpöhuolto, jäähdytysliiketoiminta","pienyritys",0.0068260983454121,0.175382362668563,0.308216785989318,0.569546312285567,2.60049565078464,0.534811518579349,627
"269",332,332,2020,"Sähkö-, kaasu- ja lämpöhuolto, jäähdytysliiketoiminta","pienyritys",0.00606380974204815,0.103460787861134,0.239974562288109,0.660241964673588,2.29109856159237,0.486457987211792,609
"270",333,333,2021,"Sähkö-, kaasu- ja lämpöhuolto, jäähdytysliiketoiminta","pienyritys",4.81843984865315e-05,0.126067891602489,0.342431881266677,0.64774723249389,2.31810079992399,0.52991717080378,564
"271",343,343,2013,"Tukku- ja vähittäiskauppa; moottoriajoneuvojen ja moottoripyörien korjaus","keskisuuri yritys",0.063096110512629,0.654637829975456,0.978487813823492,1.30399922057386,2.85559375701851,1.10517405379934,7955
"272",344,344,2014,"Tukku- ja vähittäiskauppa; moottoriajoneuvojen ja moottoripyörien korjaus","keskisuuri yritys",0.066906732192683,0.678893291051846,1.01687312350226,1.59868818766307,3.54092883715061,1.22310249819459,7697
"273",345,345,2015,"Tukku- ja vähittäiskauppa; moottoriajoneuvojen ja moottoripyörien korjaus","keskisuuri yritys",0.0605956169764019,0.689560016748121,1.0485242585153,1.57266795455159,3.77787173511025,1.27313585725513,7620
"274",346,346,2016,"Tukku- ja vähittäiskauppa; moottoriajoneuvojen ja moottoripyörien korjaus","keskisuuri yritys",0.269701139985556,0.678825802055873,0.989843360501394,1.46388831777529,3.00700858873092,1.26224426924944,7768
"275",347,347,2017,"Tukku- ja vähittäiskauppa; moottoriajoneuvojen ja moottoripyörien korjaus","keskisuuri yritys",0.240034520406486,0.599311071291538,1.01205308708016,1.55663986259661,3.01737626737061,1.21794429026125,8362
"276",348,348,2018,"Tukku- ja vähittäiskauppa; moottoriajoneuvojen ja moottoripyörien korjaus","keskisuuri yritys",0.284379344125069,0.682641000423668,1.03342833587138,1.66211193127129,3.11912847638007,1.2491169789252,7937
"277",349,349,2019,"Tukku- ja vähittäiskauppa; moottoriajoneuvojen ja moottoripyörien korjaus","keskisuuri yritys",0.348977658851345,0.679557876476,1.06437471130129,1.63855862457395,3.26852247071355,1.27517879799679,7295
"278",350,350,2020,"Tukku- ja vähittäiskauppa; moottoriajoneuvojen ja moottoripyörien korjaus","keskisuuri yritys",0.273297801846144,0.638099683163844,1.03542802468494,1.43333633521761,2.90165839449087,1.13870238541592,7474
"279",351,351,2021,"Tukku- ja vähittäiskauppa; moottoriajoneuvojen ja moottoripyörien korjaus","keskisuuri yritys",0.0896812760518367,0.640884686794768,1.00823652648323,1.60269872343203,2.53257400488338,1.1624953311619,7672
"280",361,361,2013,"Kiinteistöalan toiminta","keskisuuri yritys",0.0680147553369954,0.898747727485646,2.74927215929131,4.211751490863,4.70590588025613,2.53811478848382,765
"281",362,362,2014,"Kiinteistöalan toiminta","keskisuuri yritys",0.0648068195441598,0.838395281628791,2.36841318793692,3.92497513327623,4.47737274005889,2.22118943030986,679
"282",363,363,2015,"Kiinteistöalan toiminta","keskisuuri yritys",0.0640617722272776,0.911843301492867,2.69214192088084,2.93674179145841,4.21418434102575,2.15163472909214,765
"283",364,364,2016,"Kiinteistöalan toiminta","keskisuuri yritys",0.0647055968825965,0.346878294471656,2.50901272610476,4.12803687796313,4.64099047553805,2.30634148217225,703
"284",365,365,2017,"Kiinteistöalan toiminta","keskisuuri yritys",0.0674784204775452,0.353641828923477,2.34072655542314,4.13845264102244,4.28851242022086,2.31362526486722,728
"285",366,366,2018,"Kiinteistöalan toiminta","keskisuuri yritys",0.065633894787976,0.169699952931008,2.20750362142385,4.14273389675526,7.01155159675328,2.3148122438207,572
"286",367,367,2019,"Kiinteistöalan toiminta","keskisuuri yritys",0.0662144415839103,0.187543135304077,1.57105222848464,2.69431465073436,7.63489257772074,4.05029024080703,575
"287",368,368,2020,"Kiinteistöalan toiminta","keskisuuri yritys",0.0658806975539638,0.167956925195247,1.49736764772798,2.37619080578508,4.3243458210955,1.53400228179752,586
"288",369,369,2021,"Kiinteistöalan toiminta","keskisuuri yritys",0.0383070319513602,0.158835025780448,1.71672844119879,2.25950299863865,7.56776974465824,1.86213976950238,590
"289",370,370,2013,"Teollisuus","keskisuuri yritys",0.236288905596023,1.11293007307017,1.64229445738711,2.31252987436851,3.51077942156412,1.72399315742458,4224
"290",371,371,2014,"Teollisuus","keskisuuri yritys",0.195427242267084,1.06380511008286,1.60488135115805,2.23390363314918,3.27419090696065,1.68760503723022,4288
"291",372,372,2015,"Teollisuus","keskisuuri yritys",0.259063720244437,1.08892463706623,1.54285084786019,2.0555813904791,3.51603169687623,1.66806464634288,4545
"292",373,373,2016,"Teollisuus","keskisuuri yritys",0.00214868840858354,1.00198187636861,1.55847494751541,2.13163071230687,3.42196596433617,1.60741291855249,4861
"293",374,374,2017,"Teollisuus","keskisuuri yritys",0.295090232953837,1.07464320199527,1.53697939778337,2.13486227858388,3.79811736469869,1.68666600683,4847
"294",375,375,2018,"Teollisuus","keskisuuri yritys",0.254299326057573,1.044071563872,1.60919457355955,2.12104617630736,3.74573300528822,1.67953804032786,4934
"295",376,376,2019,"Teollisuus","keskisuuri yritys",0.328268982465063,1.06874452849531,1.54806340963885,2.08883132314332,3.74858414125273,1.66204766137731,5180
"296",377,377,2020,"Teollisuus","keskisuuri yritys",0.249405993616493,1.01364866000304,1.44108930067886,2.08642932052344,3.80940922192536,1.59857033332175,5001
"297",378,378,2021,"Teollisuus","keskisuuri yritys",0.319724424170873,1.05206741143685,1.48448250297612,1.98485877320989,3.60247340927456,1.56655291594296,5136
"298",379,379,2013,"Ammatillinen, tieteellinen ja tekninen toiminta","keskisuuri yritys",0.195015517238438,1.31890533527786,2.06171781220766,3.12070222657115,5.44586515754314,2.2667979366564,2820
"299",380,380,2014,"Ammatillinen, tieteellinen ja tekninen toiminta","keskisuuri yritys",0.351769722349354,1.45903628967885,1.98528613192683,3.15393237918987,4.28594284355938,2.23995228190622,2876
"300",381,381,2015,"Ammatillinen, tieteellinen ja tekninen toiminta","keskisuuri yritys",0.294362876730754,1.55254272933954,1.98333544952194,2.81676630873863,4.19709244375566,2.09871794169504,3055
"301",382,382,2016,"Ammatillinen, tieteellinen ja tekninen toiminta","keskisuuri yritys",0.134562812949242,1.54415340103344,2.29536514759645,2.81416354887917,4.90420126254694,2.25293664439517,3014
"302",383,383,2017,"Ammatillinen, tieteellinen ja tekninen toiminta","keskisuuri yritys",0.180464006929962,1.49537283589759,2.22021771437618,2.56897504036626,4.72617192291229,2.20334041192885,3065
"303",384,384,2018,"Ammatillinen, tieteellinen ja tekninen toiminta","keskisuuri yritys",0.190536909420086,1.51912654519563,2.23068729016271,2.62452874908916,4.37296390660679,2.1548552170435,3553
"304",385,385,2019,"Ammatillinen, tieteellinen ja tekninen toiminta","keskisuuri yritys",0.20941608010588,1.2462156628544,1.74408148845693,2.55403413865507,4.48800203336838,1.92895875078021,3625
"305",386,386,2020,"Ammatillinen, tieteellinen ja tekninen toiminta","keskisuuri yritys",0.121685121200227,1.27654059495374,1.80683523562909,2.44568516053631,4.00871664628602,1.98460636495793,3553
"306",387,387,2021,"Ammatillinen, tieteellinen ja tekninen toiminta","keskisuuri yritys",0.121928844901835,1.32395808357029,2.0935398915729,2.6283793958521,4.17603942637675,2.0377327735228,3253
"307",388,388,2013,"Rakentaminen","keskisuuri yritys",0.650191230188954,1.43506692600181,1.9644302192214,3.1170301435413,5.54442085445617,2.43772089220812,2216
"308",389,389,2014,"Rakentaminen","keskisuuri yritys",0.387199759508304,1.27981782778436,1.93639292024157,3.31766678580391,5.64429991673382,2.32909684646541,2650
"309",390,390,2015,"Rakentaminen","keskisuuri yritys",0.189401207891822,1.49444357952724,2.07061365538407,3.0246811917282,4.95216170690623,2.34973178195614,2560
"310",391,391,2016,"Rakentaminen","keskisuuri yritys",0.509857007462398,1.52698417586185,2.10555449003356,3.07981867684488,5.48432921260463,2.41032487961093,2616
"311",392,392,2017,"Rakentaminen","keskisuuri yritys",0.504622632475769,1.50636237652386,2.26519311458346,3.30350669914884,4.74273481231462,2.50380318795989,3108
"312",393,393,2018,"Rakentaminen","keskisuuri yritys",0.456256705416132,1.59317089455695,2.22738901386664,3.43386585457577,5.60533940904652,2.58081391140799,2854
"313",394,394,2019,"Rakentaminen","keskisuuri yritys",0.527683171628227,1.49522453606591,2.1820807249371,3.1565800765499,5.49882030710794,2.41865188529376,2792
"314",395,395,2020,"Rakentaminen","keskisuuri yritys",0.508886652199652,1.48890820287607,2.24251939283632,3.32150351686683,5.53243787345859,2.5099613367809,2787
"315",396,396,2021,"Rakentaminen","keskisuuri yritys",0.635194433297284,1.45785582700697,2.20649762444366,3.04243327708232,5.1581505399238,2.33108586861645,2575
"316",397,397,2013,"Vesihuolto, viemäri- ja jätevesihuolto, jätehuolto ja muu ympäristön puhtaanapito","keskisuuri yritys",0.14452554288474,0.572470104089894,1.34801182223677,2.29678212627845,4.57059882257885,1.53678862663796,415
"317",398,398,2014,"Vesihuolto, viemäri- ja jätevesihuolto, jätehuolto ja muu ympäristön puhtaanapito","keskisuuri yritys",0.119230247137313,0.630033878351761,1.69545234251691,2.20992863679096,4.4973197814591,1.59826017310382,400
"318",399,399,2015,"Vesihuolto, viemäri- ja jätevesihuolto, jätehuolto ja muu ympäristön puhtaanapito","keskisuuri yritys",0.132525349235594,0.615166518448031,1.24887874664707,3.08549580006328,4.709497945899,1.75967616942074,349
"319",400,400,2016,"Vesihuolto, viemäri- ja jätevesihuolto, jätehuolto ja muu ympäristön puhtaanapito","keskisuuri yritys",0.157999012551687,0.757846829169514,1.47904612514262,2.75048159184978,3.56649829715731,1.60240203381907,357
"320",401,401,2017,"Vesihuolto, viemäri- ja jätevesihuolto, jätehuolto ja muu ympäristön puhtaanapito","keskisuuri yritys",0.155934377266917,0.792521106988822,1.36936026537917,1.89875796869887,3.19350347064467,1.43448520181861,459
"321",402,402,2018,"Vesihuolto, viemäri- ja jätevesihuolto, jätehuolto ja muu ympäristön puhtaanapito","keskisuuri yritys",0.160518618906672,1.00975382368712,1.36882760307854,1.6441212555699,5.13024432808237,1.75505707551777,506
"322",403,403,2019,"Vesihuolto, viemäri- ja jätevesihuolto, jätehuolto ja muu ympäristön puhtaanapito","keskisuuri yritys",0.167794335019687,0.868943051677768,1.05297038770294,2.31471523794359,4.11818806431694,1.50697568648265,441
"323",404,404,2020,"Vesihuolto, viemäri- ja jätevesihuolto, jätehuolto ja muu ympäristön puhtaanapito","keskisuuri yritys",0.126209041398918,0.829612700984419,1.57855398995084,1.77155744240435,3.87677989203693,1.45455714573105,509
"324",405,405,2021,"Vesihuolto, viemäri- ja jätevesihuolto, jätehuolto ja muu ympäristön puhtaanapito","keskisuuri yritys",0.0751751374325046,0.0751751374325046,0.485298481099421,1.24102428400825,3.8002399258317,0.88668880582296,841
"325",406,406,2013,"Majoitus- ja ravitsemistoiminta","keskisuuri yritys",0.166410613630991,1.64365983494849,2.88723931764514,3.49773170676892,6.41830170456385,2.81699727932595,715
"326",407,407,2014,"Majoitus- ja ravitsemistoiminta","keskisuuri yritys",0.191271989808435,1.4503013178832,2.81136769379947,3.51998641070886,5.45859952482485,2.5644038376719,935
"327",408,408,2015,"Majoitus- ja ravitsemistoiminta","keskisuuri yritys",0.214114380887759,1.87641450866271,2.69417439986708,3.64561107271249,5.25715842750413,2.77016358076717,992
"328",409,409,2016,"Majoitus- ja ravitsemistoiminta","keskisuuri yritys",0.299453535527935,1.34971567451965,2.44361266566262,4.30194060342238,5.97400495871982,2.66554813850527,1030
"329",410,410,2017,"Majoitus- ja ravitsemistoiminta","keskisuuri yritys",0.264529644759679,1.39930118150419,2.31681987173311,3.41174039244932,5.13670752170424,2.43453310810768,1070
"330",411,411,2018,"Majoitus- ja ravitsemistoiminta","keskisuuri yritys",0.162006853482253,1.40670171435461,2.39074888391685,3.60538582272623,6.61064293446265,2.90837903866656,1212
"331",412,412,2019,"Majoitus- ja ravitsemistoiminta","keskisuuri yritys",0.121370179856329,1.47395862237405,2.87406253753314,3.93719228318268,7.36533053733639,2.85933313857433,1081
"332",413,413,2020,"Majoitus- ja ravitsemistoiminta","keskisuuri yritys",0.0673437028391304,1.54132759097476,2.45113842818065,3.87894431856477,5.4676964778889,2.70328327619224,1143
"333",414,414,2021,"Majoitus- ja ravitsemistoiminta","keskisuuri yritys",0.0785246455699605,1.41406266732848,1.993959276832,3.36592426170596,4.95452373834596,2.37440633109551,1169
"334",415,415,2013,"Kuljetus ja varastointi","keskisuuri yritys",0.119523154865226,1.59067135557141,2.45362441922112,4.10390003449214,8.16990413471327,2.93053302045174,1169
"335",416,416,2014,"Kuljetus ja varastointi","keskisuuri yritys",0.119230247137313,1.54460135898014,2.44929692525463,4.11278894285031,6.61974323835215,2.89293477905065,1245
"336",417,417,2015,"Kuljetus ja varastointi","keskisuuri yritys",0.0913119407104807,1.48946314921435,2.25843950660792,3.9264386945212,6.28852006450064,2.73642140830185,1302
"337",418,418,2016,"Kuljetus ja varastointi","keskisuuri yritys",0.444625411579398,1.57611194121178,2.33370914944107,3.61222333572463,6.09690913397724,2.65242323165196,1350
"338",419,419,2017,"Kuljetus ja varastointi","keskisuuri yritys",0.504622632475769,1.65799248723634,2.21823257570058,3.3729695199854,5.80408394359582,2.56844106882208,1525
"339",420,420,2018,"Kuljetus ja varastointi","keskisuuri yritys",0.456256705416132,1.6218432784249,2.62579856855993,3.64111236894533,6.87763724170094,3.02827566516361,1465
"340",421,421,2019,"Kuljetus ja varastointi","keskisuuri yritys",0.306311213548998,1.4112861074295,2.54840937183593,4.25368511005702,9.6837085401561,8.54715466454538,1345
"341",422,422,2020,"Kuljetus ja varastointi","keskisuuri yritys",0.290698191705352,1.26939759255612,2.30077083127283,3.48755637657584,6.65770269880491,2.51646169309566,1400
"342",423,423,2021,"Kuljetus ja varastointi","keskisuuri yritys",0.392316321063343,1.28933135911651,2.26978373448442,3.21848971959783,5.36599734373253,2.43620449801422,1371
"343",433,433,2013,"Rahoitus- ja vakuutustoiminta","keskisuuri yritys",0,0,0,0,2.96022131244066,0.354682379461608,1332
"344",434,434,2014,"Rahoitus- ja vakuutustoiminta","keskisuuri yritys",0,0,0,0,3.87075358978753,0.6103335260888,1554
"345",435,435,2015,"Rahoitus- ja vakuutustoiminta","keskisuuri yritys",0,0,0,0,3.86743756207952,0.658817677930995,1452
"346",436,436,2016,"Rahoitus- ja vakuutustoiminta","keskisuuri yritys",0,0,0,0,3.24303845398385,0.700981720627953,1429
"347",437,437,2017,"Rahoitus- ja vakuutustoiminta","keskisuuri yritys",0,0,0,0,2.89815298250808,0.704842671461237,1350
"348",438,438,2018,"Rahoitus- ja vakuutustoiminta","keskisuuri yritys",0,0,0,0.471616658872978,3.35334384494097,0.726770631524584,1344
"349",439,439,2019,"Rahoitus- ja vakuutustoiminta","keskisuuri yritys",0,0,0,0,2.53722180812096,0.496179479165778,1475
"350",440,440,2020,"Rahoitus- ja vakuutustoiminta","keskisuuri yritys",0,0,0,0,2.16725091781951,0.310185109236152,1266
"351",441,441,2021,"Rahoitus- ja vakuutustoiminta","keskisuuri yritys",0,0,0,0,2.19253036531204,0.257925555461988,1272
"352",442,442,2013,"Terveys- ja sosiaalipalvelut","keskisuuri yritys",0.540346516053462,1.97310112002141,2.84628233536078,4.65437837355578,10.2017665540176,3.74757604592059,1751
"353",443,443,2014,"Terveys- ja sosiaalipalvelut","keskisuuri yritys",0.655217078314014,1.97495016096424,3.04403077139757,4.7534503085041,6.41074775439913,3.27574126471159,1467
"354",444,444,2015,"Terveys- ja sosiaalipalvelut","keskisuuri yritys",0.333779926062094,1.56191644995553,2.62271811086998,4.08177917592803,10.8048105800358,3.20228678405513,2123
"355",445,445,2016,"Terveys- ja sosiaalipalvelut","keskisuuri yritys",0.651391785267685,1.82591519102449,2.69938076727707,4.04106701874279,6.14354482839332,3.02846640407487,1943
"356",446,446,2017,"Terveys- ja sosiaalipalvelut","keskisuuri yritys",0.935045730354366,1.85169243750915,2.49637380302207,3.34905181160775,5.79266168619071,2.72585908951136,2199
"357",447,447,2018,"Terveys- ja sosiaalipalvelut","keskisuuri yritys",0.732643881809672,1.8333238833267,2.86841002911985,3.73564694026863,6.24921163993869,2.96975580669432,2113
"358",448,448,2019,"Terveys- ja sosiaalipalvelut","keskisuuri yritys",0.76588022679848,2.2939786022548,2.84273458779772,4.15193930531741,7.60078008086571,3.2129906014879,2340
"359",449,449,2020,"Terveys- ja sosiaalipalvelut","keskisuuri yritys",0.479031834623749,2.05773201267838,2.76134624592076,3.77186131380265,6.55214427945701,3.06132966020881,2524
"360",450,450,2021,"Terveys- ja sosiaalipalvelut","keskisuuri yritys",0.59956904952717,2.27315730337079,2.89177782488825,3.69746888018796,6.89101898280802,3.16528048912004,2150
"361",451,451,2013,"Kaivostoiminta ja louhinta","keskisuuri yritys",0.568010639515997,0.813810733052764,1.7806684701096,2.45362441922112,2.75145341849932,1.68867532250957,144
"362",452,452,2014,"Kaivostoiminta ja louhinta","keskisuuri yritys",0.240302538690491,0.972058982798419,1.07643678115935,2.39724241656599,2.78491048871095,1.54216902489217,143
"363",453,453,2015,"Kaivostoiminta ja louhinta","keskisuuri yritys",0.582312795640491,0.939881563353243,1.06880011328172,2.25843950660792,3.1343511937512,1.55958248113581,140
"364",454,454,2016,"Kaivostoiminta ja louhinta","keskisuuri yritys",0.696963885845877,0.757846829169514,1.05290623662957,2.22407182102283,2.44700033303408,1.43567036815198,141
"365",455,455,2017,"Kaivostoiminta ja louhinta","keskisuuri yritys",0.792521106988822,1.03550353097302,1.52185622413608,2.21110439225169,2.24442133805492,1.52739436475195,131
"366",456,456,2018,"Kaivostoiminta ja louhinta","keskisuuri yritys",0.0664312258314747,0.956866618522085,1.20013906911517,1.36605742909094,2.28904998695412,1.2837745028972,104
"367",457,457,2019,"Kaivostoiminta ja louhinta","keskisuuri yritys",0.298814792642814,0.735084241599421,1.24618787007878,2.02768334216381,2.32281046396674,1.26945197021253,88
"368",458,458,2020,"Kaivostoiminta ja louhinta","keskisuuri yritys",0.803873366041247,0.974133383490403,1.16324402003241,1.91884914442059,2.73965831519231,1.46058127377561,84
"369",459,459,2021,"Kaivostoiminta ja louhinta","keskisuuri yritys",0.75832701318892,1.07136800395371,1.22654989191882,1.55059386908629,2.45931673783826,1.34777671340382,88
"370",460,460,2013,"Informaatio ja viestintä","keskisuuri yritys",0.0645650828135954,0.794957878842455,1.44426574223228,2.59940609108543,5.92858482017311,1.79627645407729,1922
"371",461,461,2014,"Informaatio ja viestintä","keskisuuri yritys",0.0507748454035988,0.842096369690781,1.5684085293821,2.33847736702459,5.73847380357552,1.78929535707577,1925
"372",462,462,2015,"Informaatio ja viestintä","keskisuuri yritys",0.0633215710414911,0.723734914970157,1.4664198677484,2.27211276113013,3.91672484502276,1.58343933349416,2201
"373",463,463,2016,"Informaatio ja viestintä","keskisuuri yritys",0.0799562085124494,0.851849048514315,1.65802405352019,2.41825257636729,8.11472047590551,1.93175168054276,2330
"374",464,464,2017,"Informaatio ja viestintä","keskisuuri yritys",0.0948993184039032,0.865031162498199,1.74322277006592,2.32396869938584,10.5822242676751,1.95342994579351,2541
"375",465,465,2018,"Informaatio ja viestintä","keskisuuri yritys",0.103609358468983,0.847148479669567,1.42511246075161,2.25747371293567,4.62466487510979,1.68685591514243,2673
"376",466,466,2019,"Informaatio ja viestintä","keskisuuri yritys",0.0919034860540807,0.917015131949576,1.6629359290183,2.35078874126751,5.22580959930288,1.86064445100614,2745
"377",467,467,2020,"Informaatio ja viestintä","keskisuuri yritys",0.111855644437445,0.836140187758437,1.46688843822457,2.20376710920083,4.63408836339671,1.65816891968241,2632
"378",468,468,2021,"Informaatio ja viestintä","keskisuuri yritys",0.106460752486676,0.830544287583361,1.48449087645285,2.32350285074371,4.20885086867321,1.78774709878691,2441
"379",469,469,2013,"Hallinto- ja tukipalvelutoiminta","keskisuuri yritys",0.430420923119083,1.60638833249018,3.01464088063262,4.28907206882668,8.5840620777661,3.22018184650176,2272
"380",470,470,2014,"Hallinto- ja tukipalvelutoiminta","keskisuuri yritys",0.184743873622042,1.48722779383193,3.22798140105734,4.702648953229,7.28866827784491,3.24040869408189,2210
"381",471,471,2015,"Hallinto- ja tukipalvelutoiminta","keskisuuri yritys",0.244179877336494,1.67562429465147,3.32410440453955,4.44369283215742,7.98877925889163,3.2782563393884,2463
"382",472,472,2016,"Hallinto- ja tukipalvelutoiminta","keskisuuri yritys",0.795717476606715,1.86661574517395,3.06442516345395,4.16950836758295,8.28220558361947,3.33928353531492,2837
"383",473,473,2017,"Hallinto- ja tukipalvelutoiminta","keskisuuri yritys",0.385723416380028,1.38801797265463,2.79913768503783,3.98746918812626,7.29828427052118,2.92675357795746,3359
"384",474,474,2018,"Hallinto- ja tukipalvelutoiminta","keskisuuri yritys",0.47989409828959,1.61795408168139,3.21960580118238,3.88697239621038,7.72589617276867,3.10894824871443,3205
"385",475,475,2019,"Hallinto- ja tukipalvelutoiminta","keskisuuri yritys",0.669236910774481,1.44450766624103,3.29662231255594,4.42621120753409,7.89504093256787,3.60746306858697,3278
"386",476,476,2020,"Hallinto- ja tukipalvelutoiminta","keskisuuri yritys",0.564058061672278,1.34572495968301,2.60377262355345,3.69267075902325,6.73303795129084,2.8137136910453,3061
"387",477,477,2021,"Hallinto- ja tukipalvelutoiminta","keskisuuri yritys",0.0751751374325046,1.05923894130926,2.39905549184537,3.49543079029441,5.82076959507837,2.55670868491758,3047
"388",478,478,2013,"Muu palvelutoiminta","keskisuuri yritys",1.24264550815142,1.24264550815142,1.39739600235818,2.77128631737355,4.23578368338334,1.99547550084159,350
"389",479,479,2014,"Muu palvelutoiminta","keskisuuri yritys",1.23645764822296,1.23645764822296,1.57200427495319,2.28993230839078,4.36761634383316,2.00464337903022,407
"390",480,480,2015,"Muu palvelutoiminta","keskisuuri yritys",0.0290459039865698,1.11680234198762,2.01704051390354,2.37233786668843,4.70152836055891,1.89640688986225,566
"391",481,481,2016,"Muu palvelutoiminta","keskisuuri yritys",0.0311208120800757,1.15485413276428,2.27699603817405,2.86057282575619,5.23390778476095,2.09356254265897,494
"392",482,482,2017,"Muu palvelutoiminta","keskisuuri yritys",1.01778606164739,1.48743334203053,2.26647155697829,2.91456899129883,5.27520692974014,2.13734085650303,506
"393",483,483,2018,"Muu palvelutoiminta","keskisuuri yritys",0.941408598601587,1.16963793125014,2.42473071146253,2.76627157830645,4.03622674968371,2.01925090991228,487
"394",484,484,2019,"Muu palvelutoiminta","keskisuuri yritys",0.867188144077605,1.08175714207357,2.37400792026701,2.45784548264237,4.42621120753409,1.88359831572656,499
"395",485,485,2020,"Muu palvelutoiminta","keskisuuri yritys",0.653464721423998,0.766721965353811,0.928630705035872,2.02904304963878,3.13337257814232,1.54721359678617,493
"396",486,486,2021,"Muu palvelutoiminta","keskisuuri yritys",0.618195990449827,0.906599101615506,1.0304688957537,2.03555747400107,2.82266986576297,1.47082706225515,489
"397",496,496,2013,"Sähkö-, kaasu- ja lämpöhuolto, jäähdytysliiketoiminta","keskisuuri yritys",0.0108406411378137,0.177523209899157,0.315341660362288,0.823578482333626,1.15714156094663,0.437779083026374,416
"398",497,497,2014,"Sähkö-, kaasu- ja lämpöhuolto, jäähdytysliiketoiminta","keskisuuri yritys",0.0126547012829247,0.127642179015121,0.260700866072675,0.827080280328014,1.87434313116053,0.456163322570062,457
"399",498,498,2015,"Sähkö-, kaasu- ja lämpöhuolto, jäähdytysliiketoiminta","keskisuuri yritys",0.0327712902694858,0.177130021774785,0.287434881087979,0.68230444904677,1.90219417795815,0.461036488787433,499
"400",499,499,2016,"Sähkö-, kaasu- ja lämpöhuolto, jäähdytysliiketoiminta","keskisuuri yritys",0.00339789292744367,0.239884360206016,0.329924260815312,0.609454270910603,1.15686445774442,0.438622088231163,489
"401",500,500,2017,"Sähkö-, kaasu- ja lämpöhuolto, jäähdytysliiketoiminta","keskisuuri yritys",0.00812286786353534,0.248911876693937,0.336974947674199,0.600672088424279,2.09427634074145,0.47837009705639,483
"402",501,501,2018,"Sähkö-, kaasu- ja lämpöhuolto, jäähdytysliiketoiminta","keskisuuri yritys",0.14440719259247,0.225247038961404,0.329581308072568,0.628591037013557,1.65886972391433,0.529372595013656,448
"403",502,502,2019,"Sähkö-, kaasu- ja lämpöhuolto, jäähdytysliiketoiminta","keskisuuri yritys",0.148425153865916,0.261259112427189,0.303290160768096,0.552324769492167,1.73037079116213,0.429075520891512,449
"404",503,503,2020,"Sähkö-, kaasu- ja lämpöhuolto, jäähdytysliiketoiminta","keskisuuri yritys",0.0327929648751499,0.210656067290045,0.418051755602491,0.547928403009127,0.547928403009127,0.381121688384086,612
"405",504,504,2021,"Sähkö-, kaasu- ja lämpöhuolto, jäähdytysliiketoiminta","keskisuuri yritys",0.0820218995212364,0.164863406122004,0.406487273756582,0.498926301243762,0.498926301243762,0.358851234299565,596
"406",514,514,2013,"Tukku- ja vähittäiskauppa; moottoriajoneuvojen ja moottoripyörien korjaus","suuryritys",0.239023633667511,0.582888340534776,0.943114902117981,1.21403919393143,2.58822199903287,0.99906087490539,10320
"407",515,515,2014,"Tukku- ja vähittäiskauppa; moottoriajoneuvojen ja moottoripyörien korjaus","suuryritys",0.237575518608066,0.576554106838409,0.896028467354736,1.4862998615742,2.87427837287355,1.34910386258453,10762
"408",516,516,2015,"Tukku- ja vähittäiskauppa; moottoriajoneuvojen ja moottoripyörien korjaus","suuryritys",0.303259965662747,0.623224030846179,0.937109770591408,1.43783556617956,2.36191880581998,1.0679842778922,11222
"409",517,517,2016,"Tukku- ja vähittäiskauppa; moottoriajoneuvojen ja moottoripyörien korjaus","suuryritys",0.116565634503972,0.569172669271178,0.875424498067743,1.22629853384019,2.42329012557164,0.995544862242148,11358
"410",518,518,2017,"Tukku- ja vähittäiskauppa; moottoriajoneuvojen ja moottoripyörien korjaus","suuryritys",0.229521727278753,0.543504338333682,0.826310819100156,1.23250977021367,2.51581829943023,0.962974496883243,10982
"411",519,519,2018,"Tukku- ja vähittäiskauppa; moottoriajoneuvojen ja moottoripyörien korjaus","suuryritys",0.245720571185784,0.54524709037139,0.777625845567864,1.32011789291543,2.0439172030177,0.960854985247576,11357
"412",520,520,2019,"Tukku- ja vähittäiskauppa; moottoriajoneuvojen ja moottoripyörien korjaus","suuryritys",0.263081191962314,0.543644703926652,0.812564987118539,1.37626480843195,2.48275856268348,1.00404398421507,11207
"413",521,521,2020,"Tukku- ja vähittäiskauppa; moottoriajoneuvojen ja moottoripyörien korjaus","suuryritys",0.190755316890828,0.527446929797947,0.876536334913393,1.23310064301598,2.26764321711778,0.963591441002494,10897
"414",522,522,2021,"Tukku- ja vähittäiskauppa; moottoriajoneuvojen ja moottoripyörien korjaus","suuryritys",0.221003323360579,0.560912175214915,0.803139951504055,1.19724570193757,2.36161240965916,0.949452182072236,10577
"415",532,532,2013,"Kiinteistöalan toiminta","suuryritys",0.43317273489621,0.667574607423628,2.84511711052082,3.54813210965684,3.54813210965684,2.30657538249332,385
"416",533,533,2014,"Kiinteistöalan toiminta","suuryritys",0.49758283056111,0.895166784459412,2.84876953245949,3.10858909208256,3.79580169266721,2.52063986178846,476
"417",534,534,2015,"Kiinteistöalan toiminta","suuryritys",0.440206751650164,0.807336357687235,2.27533785532991,2.7992482594894,2.7992482594894,1.85885109153523,385
"418",535,535,2016,"Kiinteistöalan toiminta","suuryritys",0.480364144205412,0.89377190156622,2.27629285414285,2.97015616311383,3.47984276373569,2.26222909867522,480
"419",536,536,2017,"Kiinteistöalan toiminta","suuryritys",0.422373567631223,0.754660757026727,1.89951873329674,1.89951873329674,4.48231620502983,1.95656846711667,423
"420",537,537,2018,"Kiinteistöalan toiminta","suuryritys",0.463941404269292,0.907643878856247,2.07442388031954,3.54989479481458,4.11192648645934,2.14695817767947,566
"421",538,538,2019,"Kiinteistöalan toiminta","suuryritys",0.429671508141224,0.623194167629238,1.56209753873206,3.65939404424043,5.32247694052681,2.207624513007,509
"422",539,539,2020,"Kiinteistöalan toiminta","suuryritys",0.405319484935284,0.577583391264028,0.654381062338666,3.72183239985481,4.26887440559708,1.77786981366307,509
"423",540,540,2021,"Kiinteistöalan toiminta","suuryritys",0.410261140789633,0.731076496230036,1.43625972711795,4.30568840028151,4.597290014341,2.29231010219743,441
"424",541,541,2013,"Teollisuus","suuryritys",0.239023633667511,0.864883278838183,1.51451844005239,1.95180411991438,2.99958961537176,1.49399826211665,3630
"425",542,542,2014,"Teollisuus","suuryritys",0.189983880318574,0.917667112386859,1.35246175325013,2.11778075679594,2.95247148067487,1.43927868761659,3642
"426",543,543,2015,"Teollisuus","suuryritys",0.218650155908651,0.961523225593308,1.32215074307946,2.06929128618353,2.9267316577685,1.4414247672324,3737
"427",544,544,2016,"Teollisuus","suuryritys",0.230681781318836,0.899728038598862,1.27706198672402,1.7656853879035,3.12907218716998,1.38789594931554,3784
"428",545,545,2017,"Teollisuus","suuryritys",0.229521727278753,0.804691448967755,1.23734677249864,1.5381143420985,2.88456532717071,1.31781106819188,4042
"429",546,546,2018,"Teollisuus","suuryritys",0.196154965913079,0.873111496433726,1.40800569855759,1.7831471236699,3.37411249246833,1.40548755618502,4167
"430",547,547,2019,"Teollisuus","suuryritys",0.182047475069161,1.02560956521138,1.4551957046533,1.69760097116187,3.22666424215069,1.43028952279547,4026
"431",548,548,2020,"Teollisuus","suuryritys",0.159271206079181,0.966325487400901,1.48914363703694,1.7371582486844,2.83834505830169,1.41757347816252,4110
"432",549,549,2021,"Teollisuus","suuryritys",0.203102125854638,0.913747980152116,1.43194216916702,1.77500475888284,2.71003111888622,1.39526841121926,3939
"433",550,550,2013,"Ammatillinen, tieteellinen ja tekninen toiminta","suuryritys",0.857082142619019,1.09833026109019,1.83919118262011,2.43882770304279,3.02155670304557,1.77988563494683,1820
"434",551,551,2014,"Ammatillinen, tieteellinen ja tekninen toiminta","suuryritys",0.177413079515623,1.42971770785383,1.74088302768496,2.09464463997485,2.91984653233781,1.73158002779542,1941
"435",552,552,2015,"Ammatillinen, tieteellinen ja tekninen toiminta","suuryritys",0.801042114551554,1.40890397300602,1.89027865260248,2.3110391811373,2.85361677941029,1.84147335858541,2084
"436",553,553,2016,"Ammatillinen, tieteellinen ja tekninen toiminta","suuryritys",0.827161759071703,1.07588010321265,1.86372191900481,2.17990471562617,2.91401954826413,1.73563009889517,2245
"437",554,554,2017,"Ammatillinen, tieteellinen ja tekninen toiminta","suuryritys",0.716060746307784,1.24803211724518,1.88216235984166,2.30067894792803,26.8534203448731,2.76565168391832,2380
"438",555,555,2018,"Ammatillinen, tieteellinen ja tekninen toiminta","suuryritys",0.783008695232022,1.25577036490516,1.83343740746186,2.27658827158068,4.15045415364731,1.85103009000573,2375
"439",556,556,2019,"Ammatillinen, tieteellinen ja tekninen toiminta","suuryritys",0.836023307867513,1.45390678705598,1.73614380672587,2.42757358318492,3.04212734166218,1.83905487035026,2479
"440",557,557,2020,"Ammatillinen, tieteellinen ja tekninen toiminta","suuryritys",0.767511789311533,1.32768904851888,1.83593019995494,2.24680673571865,3.0591492423409,1.80785152718316,2659
"441",558,558,2021,"Ammatillinen, tieteellinen ja tekninen toiminta","suuryritys",0.606085885238952,1.21414831695669,1.90328187211649,2.17156576153066,2.98658441776156,1.77208556261721,2805
"442",559,559,2013,"Rakentaminen","suuryritys",0.905439233523929,1.93446568085641,2.48678373152425,3.02630627297593,4.07184693348958,2.45072464830035,2495
"443",560,560,2014,"Rakentaminen","suuryritys",0.795142784700615,1.70319767182327,2.11872319752595,3.00252756650903,4.20417791591536,2.32021100399386,2479
"444",561,561,2015,"Rakentaminen","suuryritys",0.764791058291034,1.57413042689119,2.25678632033441,2.92573087307091,3.97729885749118,2.32754803077092,2916
"445",562,562,2016,"Rakentaminen","suuryritys",0.800300587621526,1.65740398301048,2.46376118301092,2.88890098637958,3.84566402128318,2.33997827102373,2991
"446",563,563,2017,"Rakentaminen","suuryritys",0.871087567008133,1.51518903234041,2.24337610742047,3.12133522133938,4.3156136573809,2.32431813779568,2980
"447",564,564,2018,"Rakentaminen","suuryritys",0.899809270254913,1.63205587636993,2.22907699922836,3.09152209312123,4.69757390820567,2.3364509003489,3239
"448",565,565,2019,"Rakentaminen","suuryritys",0.753132215777278,1.71554013288806,2.26539775847589,2.76415848684574,3.78976775740506,2.26838293200569,3261
"449",566,566,2020,"Rakentaminen","suuryritys",0.983510562886845,1.71151234864606,2.27261250420755,2.92190997426746,3.57743334544537,2.29643436164102,3143
"450",567,567,2021,"Rakentaminen","suuryritys",1.15894798543481,1.72744191248552,2.3477525716134,2.97318921222677,4.09658447640089,2.35368023174172,3071
"451",568,568,2013,"Vesihuolto, viemäri- ja jätevesihuolto, jätehuolto ja muu ympäristön puhtaanapito","suuryritys",1.53861371117951,1.5524328466432,1.5524328466432,1.94947793352462,2.12037862214107,1.67549474103284,512
"452",569,569,2014,"Vesihuolto, viemäri- ja jätevesihuolto, jätehuolto ja muu ympäristön puhtaanapito","suuryritys",1.18995675955317,1.69423025684018,1.69423025684018,2.0575887099556,2.31058993263388,1.74805177106267,512
"453",570,570,2015,"Vesihuolto, viemäri- ja jätevesihuolto, jätehuolto ja muu ympäristön puhtaanapito","suuryritys",0.409980284165558,1.41685049001507,1.64399483803261,1.64399483803261,2.05181528191108,1.51823218836455,597
"454",571,571,2016,"Vesihuolto, viemäri- ja jätevesihuolto, jätehuolto ja muu ympäristön puhtaanapito","suuryritys",0.399747722643601,1.21616919909322,1.74481362642585,1.76684140408447,1.76684140408447,1.46952415440396,671
"455",572,572,2017,"Vesihuolto, viemäri- ja jätevesihuolto, jätehuolto ja muu ympäristön puhtaanapito","suuryritys",0.428103245999775,1.22624712738639,1.28998955664285,1.28998955664285,1.78810351753389,1.23620875777254,595
"456",573,573,2018,"Vesihuolto, viemäri- ja jätevesihuolto, jätehuolto ja muu ympäristön puhtaanapito","suuryritys",0.450035530612864,1.33424444993267,1.33424444993267,1.34970674469539,1.87021639157012,1.30595666186943,595
"457",574,574,2019,"Vesihuolto, viemäri- ja jätevesihuolto, jätehuolto ja muu ympäristön puhtaanapito","suuryritys",0.388159143427466,1.31988719672999,1.44640882093849,1.44640882093849,1.7874939623565,1.34591853031471,595
"458",575,575,2020,"Vesihuolto, viemäri- ja jätevesihuolto, jätehuolto ja muu ympäristön puhtaanapito","suuryritys",0.365054381781165,1.31721054934581,1.48206827853025,1.48206827853025,1.50413122298819,1.35674365276859,599
"459",576,576,2021,"Vesihuolto, viemäri- ja jätevesihuolto, jätehuolto ja muu ympäristön puhtaanapito","suuryritys",0.365719394488523,1.57517766728123,1.62398149774657,1.63962837611616,1.6527579497733,1.40428918303977,565
"460",577,577,2013,"Majoitus- ja ravitsemistoiminta","suuryritys",0.436746775897063,1.1366424478374,2.70376665818414,3.16425193795489,5.81823506044826,2.56664814598419,1624
"461",578,578,2014,"Majoitus- ja ravitsemistoiminta","suuryritys",0.49758283056111,0.895166784459412,2.87427837287355,3.50994042413587,6.12752728975233,2.70063432503921,1582
"462",579,579,2015,"Majoitus- ja ravitsemistoiminta","suuryritys",0.440206751650164,0.759769964522893,2.74213992545153,3.38480724260296,6.28183399742689,2.57284474672121,1561
"463",580,580,2016,"Majoitus- ja ravitsemistoiminta","suuryritys",0.472686242656898,2.0496153317425,2.80094637665239,3.17731523120763,5.39412359791075,2.53822030268212,1762
"464",581,581,2017,"Majoitus- ja ravitsemistoiminta","suuryritys",0.422373567631223,1.12517695457624,2.83973847218925,3.27691908862535,5.11723707872008,2.48779700472006,1774
"465",582,582,2018,"Majoitus- ja ravitsemistoiminta","suuryritys",0.463941404269292,1.26058644246733,2.11522089803644,3.30079599785658,4.50292629270942,2.29088708320683,1749
"466",583,583,2019,"Majoitus- ja ravitsemistoiminta","suuryritys",0.429671508141224,1.64392736414086,2.67116357703572,2.80687498819614,4.00757618441423,2.37796600302265,1879
"467",584,584,2020,"Majoitus- ja ravitsemistoiminta","suuryritys",0.405319484935284,0.854620605987614,1.59315113311614,4.72046386080867,5.5980950466588,2.48202884370434,1617
"468",585,585,2021,"Majoitus- ja ravitsemistoiminta","suuryritys",0.410261140789633,0.606490416358167,2.6400682552924,3.12733631676447,4.78015517905068,2.21984117936094,1459
"469",586,586,2013,"Kuljetus ja varastointi","suuryritys",0.522420878113157,1.29811731972906,2.05531279912386,3.39349299599578,4.07551809738678,2.34747405065234,1674
"470",587,587,2014,"Kuljetus ja varastointi","suuryritys",0.397386933043148,1.3164311226036,2.28145425305407,3.50232892232023,5.2669844491012,2.49971465697376,1695
"471",588,588,2015,"Kuljetus ja varastointi","suuryritys",0.41641720021272,1.21574595901357,2.30427869371424,3.37936429080181,6.20858346496045,2.61110286556853,1642
"472",589,589,2016,"Kuljetus ja varastointi","suuryritys",0.339691822194843,1.11854835384078,2.13954344705572,3.27265566325332,4.80358229235094,2.3266116144689,1684
"473",590,590,2017,"Kuljetus ja varastointi","suuryritys",0.35815505101854,1.69985605992156,2.20150151123025,3.12084494913228,4.21178296135535,2.16821514782277,1939
"474",591,591,2018,"Kuljetus ja varastointi","suuryritys",0.327809137867451,1.65844595099814,2.39558440316609,3.33011840996476,4.31730349515498,2.35052555049796,1999
"475",592,592,2019,"Kuljetus ja varastointi","suuryritys",0.286617452592853,1.36864420441969,2.38218653925906,3.64001236478353,4.12810419176522,2.34750728518087,2232
"476",593,593,2020,"Kuljetus ja varastointi","suuryritys",0.103779651181405,1.3995514597587,2.34491756864984,3.21876282351077,5.32235794573105,2.44791973724874,2138
"477",594,594,2021,"Kuljetus ja varastointi","suuryritys",0.0912004274858032,1.43440977976945,2.83173372688167,3.1111500153664,5.18197285796198,2.35321264033861,2170
"478",604,604,2013,"Rahoitus- ja vakuutustoiminta","suuryritys",0,0,0,0,5.94272076059425,0.316083148991286,2108
"479",605,605,2014,"Rahoitus- ja vakuutustoiminta","suuryritys",0,0,0,0.00896282068104107,32.0175766802459,1.46728678196052,2045
"480",606,606,2015,"Rahoitus- ja vakuutustoiminta","suuryritys",0,0,0,0.00978382291173609,645.133518522434,21.7239362241224,2197
"481",607,607,2016,"Rahoitus- ja vakuutustoiminta","suuryritys",0,0,0,0.00985602944222079,2.59154503821335,0.27165991411939,2139
"482",608,608,2017,"Rahoitus- ja vakuutustoiminta","suuryritys",0,0,0,0.00423680910464726,3.12290315687157,0.154204074401008,2439
"483",609,609,2018,"Rahoitus- ja vakuutustoiminta","suuryritys",0,0,0,0,3.51604878767639,0.167250222905959,2417
"484",610,610,2019,"Rahoitus- ja vakuutustoiminta","suuryritys",0,0,0,0,3.42583937883909,0.190680173765277,2089
"485",611,611,2020,"Rahoitus- ja vakuutustoiminta","suuryritys",0,0,0,0,3.03505815653197,0.15701966225626,2131
"486",612,612,2021,"Rahoitus- ja vakuutustoiminta","suuryritys",0,0,0,0,2.96856865502826,0.158463861216325,2156
"487",613,613,2013,"Terveys- ja sosiaalipalvelut","suuryritys",0.401355673356991,1.19045741553626,1.99297873447436,2.69705271186598,5.17752705380744,2.19623210351198,2366
"488",614,614,2014,"Terveys- ja sosiaalipalvelut","suuryritys",0.321694152647422,1.15317639723379,1.88472411896653,3.09693523373517,5.37429682614194,2.22708782719504,2872
"489",615,615,2015,"Terveys- ja sosiaalipalvelut","suuryritys",0.34161298594502,1.08232900400345,1.86839146976906,2.82771378875969,5.00585493353644,2.0662033088942,2776
"490",616,616,2016,"Terveys- ja sosiaalipalvelut","suuryritys",0.378865414169347,1.00125341289323,1.59094760064165,3.28665482921603,4.91997280189941,2.13995389545261,3409
"491",617,617,2017,"Terveys- ja sosiaalipalvelut","suuryritys",0.321104695540829,0.973002629907655,1.92536715515211,3.27960378804427,4.78901524896975,2.19662741207722,3760
"492",618,618,2018,"Terveys- ja sosiaalipalvelut","suuryritys",0.380979541918476,1.47856454840926,2.24649143418591,3.47448105387134,4.93853986979901,2.38656113594939,4056
"493",619,619,2019,"Terveys- ja sosiaalipalvelut","suuryritys",0.526166823427691,1.41462895082214,2.80127999736532,3.6014053742147,5.48860275361354,2.67692575342643,4085
"494",620,620,2020,"Terveys- ja sosiaalipalvelut","suuryritys",0.621529654715524,1.4340532741822,2.41352071572355,3.65099553023318,6.15699639861569,2.70823380956977,4166
"495",621,621,2021,"Terveys- ja sosiaalipalvelut","suuryritys",0.0271558760777897,1.32820561269825,2.38605878114464,3.59712911246135,6.62233181065902,2.63599829054123,4422
"496",622,622,2013,"Kaivostoiminta ja louhinta","suuryritys",0.453384724922639,0.453384724922639,0.453384724922639,0.778743781455516,1.1742953122631,0.665336972758347,164
"497",623,623,2014,"Kaivostoiminta ja louhinta","suuryritys",0.427573854207068,0.427573854207068,0.427573854207068,1.08015909209928,1.17652413597554,0.687023675533172,164
"498",624,624,2015,"Kaivostoiminta ja louhinta","suuryritys",0.378357757748779,0.378357757748779,0.378357757748779,1.07524311823386,1.21574595901357,0.654980992206577,166
"499",625,625,2016,"Kaivostoiminta ja louhinta","suuryritys",0.343987106249791,0.343987106249791,0.343987106249791,1.13887363753697,1.2986798217476,0.65137757661046,167
"500",626,626,2017,"Kaivostoiminta ja louhinta","suuryritys",0.315150790731092,0.315150790731092,0.350311735093035,1.09724721696683,1.29287602472006,0.629896614173987,167
"501",627,627,2018,"Kaivostoiminta ja louhinta","suuryritys",0.405668636299751,0.405668636299751,0.405668636299751,1.10263783952288,1.16531989848489,0.651292781073587,167
"502",628,628,2019,"Kaivostoiminta ja louhinta","suuryritys",0.361303212791597,0.361303212791597,1.19510036167017,2.26539775847589,2.26539775847589,1.24061050789005,265
"503",629,629,2020,"Kaivostoiminta ja louhinta","suuryritys",0.322830232311461,0.322830232311461,0.961044914737743,3.50801636413992,3.50801636413992,1.69728712962157,265
"504",630,630,2021,"Kaivostoiminta ja louhinta","suuryritys",0.251334732628344,0.251334732628344,0.582773406920199,3.41272488514117,3.41272488514117,1.61058956313302,265
"505",631,631,2013,"Informaatio ja viestintä","suuryritys",0.180023772026324,0.801598762721893,1.42151046497017,1.57288878837766,3.98287290759933,1.45364394971704,1109
"506",632,632,2014,"Informaatio ja viestintä","suuryritys",0.167779368312718,0.788060913653721,1.46004029026602,2.09694587682448,4.7129292334579,1.60110039238808,1243
"507",633,633,2015,"Informaatio ja viestintä","suuryritys",0.197527529616363,1.11967880566908,1.79293521044022,2.78121027125523,4.81678702097481,2.10864885798775,1246
"508",634,634,2016,"Informaatio ja viestintä","suuryritys",0.299331557382394,1.0406853946172,1.67009676769248,2.26832909440963,4.93223612823552,1.8562880035223,1176
"509",635,635,2017,"Informaatio ja viestintä","suuryritys",0.256592857720681,0.96107618988602,1.51816946893506,2.23916365537752,5.11813580247492,1.77275005293003,1171
"510",636,636,2018,"Informaatio ja viestintä","suuryritys",0.378651078389331,1.17668423935438,1.77790919674319,2.3323654382306,5.61653905582309,1.97591101413668,1238
"511",637,637,2019,"Informaatio ja viestintä","suuryritys",0.297970756153414,0.768634939630752,1.29045002137224,2.09587120809963,2.79582989189602,1.46765204980128,1188
"512",638,638,2020,"Informaatio ja viestintä","suuryritys",0.403118690379077,0.819510032728614,1.33825320192818,2.10632334366024,3.11356384486206,1.44822172259421,1324
"513",639,639,2021,"Informaatio ja viestintä","suuryritys",0.454736729699168,0.881747678935075,1.21092739191717,1.86096846132278,2.45321368433977,1.38451458569889,1369
"514",640,640,2013,"Hallinto- ja tukipalvelutoiminta","suuryritys",0.905912320195786,1.39010825049801,2.12037862214107,3.67555899714822,5.81823506044826,2.58433075793268,2034
"515",641,641,2014,"Hallinto- ja tukipalvelutoiminta","suuryritys",0.652314184582057,1.45279445720648,2.09165392974325,3.61764019996217,6.12752728975233,2.60862290744704,2137
"516",642,642,2015,"Hallinto- ja tukipalvelutoiminta","suuryritys",0.768120542473699,1.59105141781157,2.05184350431749,3.53409787570182,6.28183399742689,2.37751815471464,2328
"517",643,643,2016,"Hallinto- ja tukipalvelutoiminta","suuryritys",0.589481945650986,1.55001793580315,1.89211805139403,3.59154086216477,5.39412359791075,2.45701133764628,2356
"518",644,644,2017,"Hallinto- ja tukipalvelutoiminta","suuryritys",0.669413775663338,1.50271690299605,2.63437269788539,3.53044640837695,5.11723707872008,2.5610314035149,2199
"519",645,645,2018,"Hallinto- ja tukipalvelutoiminta","suuryritys",0.716112649282191,1.33424444993267,2.66313019796471,3.56758754886651,4.9146604390851,2.57636486456863,2411
"520",646,646,2019,"Hallinto- ja tukipalvelutoiminta","suuryritys",0.415448408384616,1.50786007490126,2.31222734274905,3.22807575773489,4.91425619261556,2.51567245867638,2412
"521",647,647,2020,"Hallinto- ja tukipalvelutoiminta","suuryritys",0.567071886153584,1.48206827853025,2.24010384436571,3.00978831795582,5.78214560957815,2.45755063468526,2382
"522",648,648,2021,"Hallinto- ja tukipalvelutoiminta","suuryritys",0.638011755729505,1.63962837611616,2.60850505413315,3.24863197826713,4.79167248211946,2.61632581540756,2461
"523",649,649,2013,"Muu palvelutoiminta","suuryritys",0.468030589696086,0.786693294483926,1.20431374018995,1.50709966204407,4.06794658535376,1.28374757475778,217
"524",650,650,2014,"Muu palvelutoiminta","suuryritys",0.49758283056111,0.722686175711967,1.17514345325883,1.64208205976843,4.72420814497275,1.36236711195017,217
"525",651,651,2015,"Muu palvelutoiminta","suuryritys",0.440206751650164,0.672190518770182,1.0664400616184,1.60852037122257,4.47269492950382,1.29852281472438,217
"526",652,652,2016,"Muu palvelutoiminta","suuryritys",0.482739111983353,0.664445116232338,1.51583691220813,1.54005805756798,1.54005805756798,1.18644012986846,294
"527",653,653,2017,"Muu palvelutoiminta","suuryritys",0.473882086103172,0.634638179985856,1.12975760832109,1.51816946893506,1.51816946893506,1.02726391468787,202
"528",654,654,2018,"Muu palvelutoiminta","suuryritys",0.476697396998007,0.614534530865535,1.16907468938307,1.47485640279131,1.47485640279131,1.01313603857267,202
"529",655,655,2019,"Muu palvelutoiminta","suuryritys",0.460872926182958,0.649268628974281,1.18733147356784,1.40418878529765,1.59937920692998,1.02063675160364,212
"530",656,656,2020,"Muu palvelutoiminta","suuryritys",0.405319484935284,0.554322611930357,0.692470293598428,1.37972901532892,1.37972901532892,0.877225821000569,202
"531",657,657,2021,"Muu palvelutoiminta","suuryritys",0.410261140789633,0.509658890336327,1.07391698515479,1.07391698515479,2.32557798195895,0.92192923527644,211
"532",667,667,2013,"Sähkö-, kaasu- ja lämpöhuolto, jäähdytysliiketoiminta","suuryritys",0.00446931584779023,0.258722900767317,0.453384724922639,0.453384724922639,1.99161550525733,0.47014983773117,321
"533",668,668,2014,"Sähkö-, kaasu- ja lämpöhuolto, jäähdytysliiketoiminta","suuryritys",0.00454584649094182,0.296459293193392,0.427573854207068,0.427573854207068,2.55575145381253,0.488679531372217,321
"534",669,669,2015,"Sähkö-, kaasu- ja lämpöhuolto, jäähdytysliiketoiminta","suuryritys",0.00318048731242102,0.378357757748779,0.378357757748779,0.490742217101374,2.42871760304497,0.491873083868694,285
"535",670,670,2016,"Sähkö-, kaasu- ja lämpöhuolto, jäähdytysliiketoiminta","suuryritys",0.294873408439263,0.313443156148966,0.343987106249791,0.343987106249791,1.95977177715352,0.452074437754211,265
"536",671,671,2017,"Sähkö-, kaasu- ja lämpöhuolto, jäähdytysliiketoiminta","suuryritys",0.0037511698435538,0.315150790731092,0.315150790731092,0.322609956175805,1.4907851605046,0.3970404042618,292
"537",672,672,2018,"Sähkö-, kaasu- ja lämpöhuolto, jäähdytysliiketoiminta","suuryritys",0.00439455541315187,0.348437433581689,0.405668636299751,0.405668636299751,1.6781168801581,0.4410815303693,292
"538",673,673,2019,"Sähkö-, kaasu- ja lämpöhuolto, jäähdytysliiketoiminta","suuryritys",0.00415946412621822,0.343093779208872,0.361303212791597,0.502664904455095,1.76683295591618,0.453799455317213,296
"539",674,674,2020,"Sähkö-, kaasu- ja lämpöhuolto, jäähdytysliiketoiminta","suuryritys",0.00516921247731964,0.236398857395266,0.322830232311461,0.322830232311461,1.21194688018323,0.317762349877905,285
"540",675,675,2021,"Sähkö-, kaasu- ja lämpöhuolto, jäähdytysliiketoiminta","suuryritys",0.00522181092269116,0.251334732628344,0.251334732628344,0.302628365704846,1.35486766772627,0.320641153477777,282
